Category,WordPress Path,WordPress Title,WordPress Type,New Site Path (Client),New Site Path (Actual),Redirect Implemented,Client Decision,Discrepancy,Notes
Page,"=HYPERLINK(""https://grounded.world/"",""/"")",HOME PAGE,page,"=HYPERLINK(""https://grounded-world-web-staging.vercel.app/"",""/"")","=HYPERLINK(""https://grounded-world-web-staging.vercel.app/"",""/"")",n/a (same path),,No,Homepage - same path
Page,"=HYPERLINK(""https://grounded.world/about-us/"",""/about-us/"")",ABOUT US,page,"=HYPERLINK(""https://grounded-world-web-staging.vercel.app/about"",""/about"")","=HYPERLINK(""https://grounded-world-web-staging.vercel.app/about-us"",""/about-us"")",n/a (same path),,"Yes - client says /about, code has /about-us with redirect FROM /about",next.config.ts redirects /about -> /about-us which is opposite of spreadsheet
Page,"=HYPERLINK(""https://grounded.world/about-us/matt-deasy/"",""/about-us/matt-deasy/"")",MATT DEASY,page,"=HYPERLINK(""https://grounded-world-web-staging.vercel.app/about-us/matt-deasy"",""/about-us/matt-deasy"")","=HYPERLINK(""https://grounded-world-web-staging.vercel.app/about-us/matt-deasy"",""/about-us/matt-deasy"")",n/a (same path),Yes - needs high res photo,No,Team member page
Page,"=HYPERLINK(""https://grounded.world/about-us/paloma-jacome/"",""/about-us/paloma-jacome/"")",PALOMA JACOME,page,"=HYPERLINK(""https://grounded-world-web-staging.vercel.app/about-us/paloma-jacome"",""/about-us/paloma-jacome"")","=HYPERLINK(""https://grounded-world-web-staging.vercel.app/about-us/paloma-jacome"",""/about-us/paloma-jacome"")",n/a (same path),Yes - needs photo,No,Team member page
Page,"=HYPERLINK(""https://grounded.world/about-us/phil-white/"",""/about-us/phil-white/"")",PHIL WHITE,page,"=HYPERLINK(""https://grounded-world-web-staging.vercel.app/about-us/phil-white"",""/about-us/phil-white"")","=HYPERLINK(""https://grounded-world-web-staging.vercel.app/about-us/phil-white"",""/about-us/phil-white"")",n/a (same path),Yes - needs photo,No,Team member page
Page,"=HYPERLINK(""https://grounded.world/about-us/heidi-schoeneck/"",""/about-us/heidi-schoeneck/"")",HEIDI SCHOENECK,page,need to create,Does not exist,No,Yes - need to create,Yes - page missing,New team member - no content file exists
Page,"=HYPERLINK(""https://grounded.world/brand-marketing-agency-services/"",""/brand-marketing-agency-services/"")",SERVICES,page,"=HYPERLINK(""https://grounded-world-web-staging.vercel.app/services"",""/services"")","=HYPERLINK(""https://grounded-world-web-staging.vercel.app/services"",""/services"")",No,,No,Need 301 redirect
Page,"=HYPERLINK(""https://grounded.world/brand-marketing-agency-services__trashed/brand-activation-agency/"",""/brand-marketing-agency-services__trashed/brand-activation-agency/"")",Activate,page,"=HYPERLINK(""https://grounded-world-web-staging.vercel.app/services/activation"",""/services/activation"")","=HYPERLINK(""https://grounded-world-web-staging.vercel.app/services/activate"",""/services/activate"")",No,,"Yes - client says ""activation"" but code has ""activate""",Slug mismatch: activation vs activate
Page,"=HYPERLINK(""https://grounded.world/brand-marketing-agency-services__trashed/brand-strategy-agency/"",""/brand-marketing-agency-services__trashed/brand-strategy-agency/"")",Articulate,page,"=HYPERLINK(""https://grounded-world-web-staging.vercel.app/services/strategy"",""/services/strategy"")","=HYPERLINK(""https://grounded-world-web-staging.vercel.app/services/articulate"",""/services/articulate"")",No,,"Yes - client says ""strategy"" but code has ""articulate""",Slug mismatch: strategy vs articulate
Page,"=HYPERLINK(""https://grounded.world/brand-marketing-agency-services__trashed/creative-impact-agency/"",""/brand-marketing-agency-services__trashed/creative-impact-agency/"")",Accelerate,page,"=HYPERLINK(""https://grounded-world-web-staging.vercel.app/services/impact"",""/services/impact"")","=HYPERLINK(""https://grounded-world-web-staging.vercel.app/services/accelerate"",""/services/accelerate"")",No,,"Yes - client says ""impact"" but code has ""accelerate""",Slug mismatch: impact vs accelerate
Page,"=HYPERLINK(""https://grounded.world/brand-marketing-agency-services__trashed/market-research-agency/"",""/brand-marketing-agency-services__trashed/market-research-agency/"")",Discover,page,"=HYPERLINK(""https://grounded-world-web-staging.vercel.app/services/research"",""/services/research"")","=HYPERLINK(""https://grounded-world-web-staging.vercel.app/services/discover"",""/services/discover"")",No,,"Yes - client says ""research"" but code has ""discover""",Slug mismatch: research vs discover
Page,"=HYPERLINK(""https://grounded.world/contact-us/"",""/contact-us/"")",CONTACT US,page,"=HYPERLINK(""https://grounded-world-web-staging.vercel.app/contact"",""/contact"")","=HYPERLINK(""https://grounded-world-web-staging.vercel.app/contact-us"",""/contact-us"")",n/a (same path),,"Yes - client says /contact, code has /contact-us",Path mismatch: /contact vs /contact-us
Page,"=HYPERLINK(""https://grounded.world/gaia/"",""/gaia/"")",Gaia,page,"=HYPERLINK(""https://grounded-world-web-staging.vercel.app/gaia"",""/gaia"")","=HYPERLINK(""https://grounded-world-web-staging.vercel.app/gaia"",""/gaia"")",n/a (same path),,No,Same path
Page,"=HYPERLINK(""https://grounded.world/itshouldntbethishard/"",""/itshouldntbethishard/"")",PODCAST,page,"=HYPERLINK(""https://grounded-world-web-staging.vercel.app/itshouldntbethishard"",""/itshouldntbethishard"")","=HYPERLINK(""https://grounded-world-web-staging.vercel.app/itshouldntbethishard"",""/itshouldntbethishard"")",n/a (same path),,No,Same path (also /resources/podcast)
Page,"=HYPERLINK(""https://grounded.world/newsletter-sign-up/"",""/newsletter-sign-up/"")",NEWSLETTER SIGN UP,page,"=HYPERLINK(""https://grounded-world-web-staging.vercel.app/newsletter"",""/newsletter"")","=HYPERLINK(""https://grounded-world-web-staging.vercel.app/newsletter"",""/newsletter"")",No,,No,Need 301 redirect
Page,"=HYPERLINK(""https://grounded.world/newsletter/"",""/newsletter/"")",NEWSLETTER,page,"=HYPERLINK(""https://grounded-world-web-staging.vercel.app/newsletter"",""/newsletter"")","=HYPERLINK(""https://grounded-world-web-staging.vercel.app/newsletter"",""/newsletter"")",n/a (same path),,No,Same path
Page,"=HYPERLINK(""https://grounded.world/our-work/"",""/our-work/"")",OUR WORK,page,"=HYPERLINK(""https://grounded-world-web-staging.vercel.app/our-work"",""/our-work"")","=HYPERLINK(""https://grounded-world-web-staging.vercel.app/our-work"",""/our-work"")",n/a (same path),,No,Same path
Page,"=HYPERLINK(""https://grounded.world/resources/"",""/resources/"")",RESOURCES,page,"=HYPERLINK(""https://grounded-world-web-staging.vercel.app/resources"",""/resources"")","=HYPERLINK(""https://grounded-world-web-staging.vercel.app/resources"",""/resources"")",n/a (same path),,No,Same path
How To Guide,"=HYPERLINK(""https://grounded.world/activating-brand-purpose-agency/"",""/activating-brand-purpose-agency/"")",Activating Brand Purpose Agency,page,,"=HYPERLINK(""https://grounded-world-web-staging.vercel.app/activating-brand-purpose-agency"",""/activating-brand-purpose-agency"")",n/a (same path),Yes - How To Guide under Resources (critical for EEAT),No,TinaCMS page exists but may need proper routing
How To Guide,"=HYPERLINK(""https://grounded.world/brand-activism-agency-new/"",""/brand-activism-agency-new/"")",Brand Activism Agency,page,,Does not exist,No,Yes - How To Guide under Resources (critical for EEAT),Yes - page missing,Need to create content
How To Guide,"=HYPERLINK(""https://grounded.world/social-impact-agency/"",""/social-impact-agency/"")",Social Impact Agency,page,,Does not exist,No,Yes - How To Guide under Resources (critical for EEAT),Yes - page missing,Need to create content (guides-social-impact.json may be related)
How To Guide,"=HYPERLINK(""https://grounded.world/sustainability-marketing-agency/"",""/sustainability-marketing-agency/"")",Sustainability Marketing Agency,page,,"=HYPERLINK(""https://grounded-world-web-staging.vercel.app/sustainability-marketing-agency"",""/sustainability-marketing-agency"")",n/a (same path),Yes - How To Guide under Resources (critical for EEAT),No,TinaCMS page exists but may need proper routing
Delete,"=HYPERLINK(""https://grounded.world/brand-activism-agency/"",""/brand-activism-agency/"")",Brand Activism (old),page,,n/a,No,Delete,No,Redirect to / or /services for link equity
Delete,"=HYPERLINK(""https://grounded.world/grounded-sizzle-video/"",""/grounded-sizzle-video/"")",SIZZLE REEL,page,,n/a,No,Delete,No,Redirect to /about-us for link equity
Delete,"=HYPERLINK(""https://grounded.world/non-profit-marketing-services/"",""/non-profit-marketing-services/"")",Non-profit Marketing,page,,n/a,No,Delete,No,Redirect to /services for link equity
Delete,"=HYPERLINK(""https://grounded.world/nonprofit-branding-agency/"",""/nonprofit-branding-agency/"")",Nonprofits Branding,page,,n/a,No,Delete,No,Redirect to /services for link equity
Delete,"=HYPERLINK(""https://grounded.world/start-up-branding-agency/"",""/start-up-branding-agency/"")",Branding for Startups,page,,n/a,No,Delete,No,Redirect to /services for link equity
Delete,"=HYPERLINK(""https://grounded.world/sustainable-fashion/"",""/sustainable-fashion/"")",Sustainable Fashion,page,,n/a,No,Delete,No,Redirect to /resources/articles for link equity
Delete,"=HYPERLINK(""https://grounded.world/terms/"",""/terms/"")",Terms & Conditions,page,,n/a,No,Delete,No,Consider recreating or redirect to /
Delete,"=HYPERLINK(""https://grounded.world/thank-you/"",""/thank-you/"")",Thank You,page,,n/a,No,Delete,No,Handle with inline form confirmation
Create,"=HYPERLINK(""https://grounded.world/privacy-policy"",""/privacy-policy"")",PRIVACY POLICY,page,,Does not exist,No,Include link from footer,Yes - page missing,Legally required - must create
Skip,"=HYPERLINK(""https://grounded.world/update/"",""/update/"")",Maintenance Mode,page,,n/a,No,Skip,No,Not needed
Sitemap,"=HYPERLINK(""https://grounded.world/our-voice/"",""/our-voice/"")",OUR VOICE,page,"=HYPERLINK(""https://grounded-world-web-staging.vercel.app/resources"",""/resources"")",Does not exist,No,,No,In production sitemap - needs 301
Sitemap,"=HYPERLINK(""https://grounded.world/our-latest-thinking/"",""/our-latest-thinking/"")",OUR LATEST THINKING,page,"=HYPERLINK(""https://grounded-world-web-staging.vercel.app/resources/articles"",""/resources/articles"")",Does not exist,No,,No,In production sitemap - needs 301
Sitemap,"=HYPERLINK(""https://grounded.world/our-latest-thinking/startup-nonprofits-branding-new/"",""/our-latest-thinking/startup-nonprofits-branding-new/"")",Startup Nonprofits Branding,page,"=HYPERLINK(""https://grounded-world-web-staging.vercel.app/resources/articles"",""/resources/articles"")",Does not exist,No,,No,In production sitemap - needs 301
Sitemap,"=HYPERLINK(""https://grounded.world/our-latest-thinking/activating-brand-purpose/"",""/our-latest-thinking/activating-brand-purpose/"")",Activating Brand Purpose,page,"=HYPERLINK(""https://grounded-world-web-staging.vercel.app/resources/articles"",""/resources/articles"")",Does not exist,No,,No,In production sitemap - needs 301
Sitemap,"=HYPERLINK(""https://grounded.world/our-latest-thinking/brand-activism-new/"",""/our-latest-thinking/brand-activism-new/"")",Brand Activism,page,"=HYPERLINK(""https://grounded-world-web-staging.vercel.app/resources/articles"",""/resources/articles"")",Does not exist,No,,No,In production sitemap - needs 301
Sitemap,"=HYPERLINK(""https://grounded.world/our-latest-thinking/social-impact-agencies-new/"",""/our-latest-thinking/social-impact-agencies-new/"")",Social Impact Agencies,page,"=HYPERLINK(""https://grounded-world-web-staging.vercel.app/resources/articles"",""/resources/articles"")",Does not exist,No,,No,In production sitemap - needs 301
Case Study,"=HYPERLINK(""https://grounded.world/our-work/our-work-_mule-men/"",""/our-work/our-work-_mule-men/"")",Mule Men: Relief Delivered,page,"=HYPERLINK(""https://grounded-world-web-staging.vercel.app/our-work/mule-men"",""/our-work/mule-men"")","=HYPERLINK(""https://grounded-world-web-staging.vercel.app/our-work/mule-men"",""/our-work/mule-men"")",No,,No,Need 301 redirect
Case Study,"=HYPERLINK(""https://grounded.world/our-work/our-work-_slumberland-ergo-smart-base/"",""/our-work/our-work-_slumberland-ergo-smart-base/"")",Slumberland + Ergo Smart Base,page,"=HYPERLINK(""https://grounded-world-web-staging.vercel.app/our-work/slumberland-ergo-smart-base"",""/our-work/slumberland-ergo-smart-base"")","=HYPERLINK(""https://grounded-world-web-staging.vercel.app/our-work/slumberland-ergo-smart-base"",""/our-work/slumberland-ergo-smart-base"")",No,,No,Need 301 redirect
Case Study,"=HYPERLINK(""https://grounded.world/our-work/our-work-_slumberland-tsi/"",""/our-work/our-work-_slumberland-tsi/"")",Slumberland + TSI: Shopaphobia,page,"=HYPERLINK(""https://grounded-world-web-staging.vercel.app/our-work/slumberland-tsi"",""/our-work/slumberland-tsi"")","=HYPERLINK(""https://grounded-world-web-staging.vercel.app/our-work/slumberland-tsi"",""/our-work/slumberland-tsi"")",No,,No,Need 301 redirect
Case Study,"=HYPERLINK(""https://grounded.world/our-work/our-work-_tempur-sealy-ashley-furniture/"",""/our-work/our-work-_tempur-sealy-ashley-furniture/"")",Tempur Sealy + Ashley Furniture,page,"=HYPERLINK(""https://grounded-world-web-staging.vercel.app/our-work/tempur-sealy-ashley-furniture"",""/our-work/tempur-sealy-ashley-furniture"")","=HYPERLINK(""https://grounded-world-web-staging.vercel.app/our-work/tempur-sealy-ashley-furniture"",""/our-work/tempur-sealy-ashley-furniture"")",No,,No,Need 301 redirect
Case Study,"=HYPERLINK(""https://grounded.world/our-work/our-work-fresh-air-fund/"",""/our-work/our-work-fresh-air-fund/"")",Fresh Air Fund,page,"=HYPERLINK(""https://grounded-world-web-staging.vercel.app/our-work/fresh-air-fund"",""/our-work/fresh-air-fund"")","=HYPERLINK(""https://grounded-world-web-staging.vercel.app/our-work/fresh-air-fund"",""/our-work/fresh-air-fund"")",No,,No,Need 301 redirect
Case Study,"=HYPERLINK(""https://grounded.world/our-work/our-work-interdesign/"",""/our-work/our-work-interdesign/"")",iDesign: Nature's Order,page,"=HYPERLINK(""https://grounded-world-web-staging.vercel.app/our-work/interdesign"",""/our-work/interdesign"")","=HYPERLINK(""https://grounded-world-web-staging.vercel.app/our-work/interdesign"",""/our-work/interdesign"")",No,,No,Need 301 redirect
Case Study,"=HYPERLINK(""https://grounded.world/our-work/our-work-lycra/"",""/our-work/our-work-lycra/"")",The LYCRA Company: EcoMade,page,"=HYPERLINK(""https://grounded-world-web-staging.vercel.app/our-work/lycra"",""/our-work/lycra"")","=HYPERLINK(""https://grounded-world-web-staging.vercel.app/our-work/lycra"",""/our-work/lycra"")",No,,No,Need 301 redirect
Case Study,"=HYPERLINK(""https://grounded.world/our-work/our-work-marys-center/"",""/our-work/our-work-marys-center/"")",Mary's Center,page,"=HYPERLINK(""https://grounded-world-web-staging.vercel.app/our-work/marys-center"",""/our-work/marys-center"")","=HYPERLINK(""https://grounded-world-web-staging.vercel.app/our-work/marys-center"",""/our-work/marys-center"")",No,,No,Need 301 redirect
Case Study,"=HYPERLINK(""https://grounded.world/our-work/our-work-network-of-executive-women/"",""/our-work/our-work-network-of-executive-women/"")",Network of Executive Women,page,"=HYPERLINK(""https://grounded-world-web-staging.vercel.app/our-work/network-of-executive-women"",""/our-work/network-of-executive-women"")","=HYPERLINK(""https://grounded-world-web-staging.vercel.app/our-work/network-of-executive-women"",""/our-work/network-of-executive-women"")",No,,No,Need 301 redirect
Case Study,"=HYPERLINK(""https://grounded.world/our-work/our-work-onesight/"",""/our-work/our-work-onesight/"")",OneSight: Brand Purpose,page,"=HYPERLINK(""https://grounded-world-web-staging.vercel.app/our-work/onesight"",""/our-work/onesight"")","=HYPERLINK(""https://grounded-world-web-staging.vercel.app/our-work/onesight"",""/our-work/onesight"")",No,,No,Need 301 redirect
Case Study,"=HYPERLINK(""https://grounded.world/our-work/our-work-plan-x-unsplash/"",""/our-work/our-work-plan-x-unsplash/"")",Plan USA: Girls vs The Machine,page,"=HYPERLINK(""https://grounded-world-web-staging.vercel.app/our-work/plan-x-unsplash"",""/our-work/plan-x-unsplash"")","=HYPERLINK(""https://grounded-world-web-staging.vercel.app/our-work/plan-x-unsplash"",""/our-work/plan-x-unsplash"")",No,,No,Need 301 redirect
Case Study,"=HYPERLINK(""https://grounded.world/our-work/our-work-points4purpose/"",""/our-work/our-work-points4purpose/"")",Points4Purpose,page,"=HYPERLINK(""https://grounded-world-web-staging.vercel.app/our-work/points4purpose"",""/our-work/points4purpose"")","=HYPERLINK(""https://grounded-world-web-staging.vercel.app/our-work/points4purpose"",""/our-work/points4purpose"")",No,,No,Need 301 redirect
Case Study,"=HYPERLINK(""https://grounded.world/our-work/our-work-safeground/"",""/our-work/our-work-safeground/"")",UNMAS: Turning Minefields into Playing Fields,page,"=HYPERLINK(""https://grounded-world-web-staging.vercel.app/our-work/safeground"",""/our-work/safeground"")","=HYPERLINK(""https://grounded-world-web-staging.vercel.app/our-work/safeground"",""/our-work/safeground"")",No,,No,Need 301 redirect
Case Study,"=HYPERLINK(""https://grounded.world/our-work/our-work-she-should-run/"",""/our-work/our-work-she-should-run/"")",She Should Run,page,"=HYPERLINK(""https://grounded-world-web-staging.vercel.app/our-work/she-should-run"",""/our-work/she-should-run"")","=HYPERLINK(""https://grounded-world-web-staging.vercel.app/our-work/she-should-run"",""/our-work/she-should-run"")",No,,No,Need 301 redirect
Case Study,"=HYPERLINK(""https://grounded.world/our-work/our-work-tree-free/"",""/our-work/our-work-tree-free/"")",Tree Free Greetings,page,"=HYPERLINK(""https://grounded-world-web-staging.vercel.app/our-work/tree-free"",""/our-work/tree-free"")","=HYPERLINK(""https://grounded-world-web-staging.vercel.app/our-work/tree-free"",""/our-work/tree-free"")",No,,No,Need 301 redirect
Case Study,"=HYPERLINK(""https://grounded.world/our-work/our-work-tribes-on-the-edge/"",""/our-work/our-work-tribes-on-the-edge/"")",Tribes On The Edge,page,"=HYPERLINK(""https://grounded-world-web-staging.vercel.app/our-work/tribes-on-the-edge"",""/our-work/tribes-on-the-edge"")","=HYPERLINK(""https://grounded-world-web-staging.vercel.app/our-work/tribes-on-the-edge"",""/our-work/tribes-on-the-edge"")",No,,No,Need 301 redirect
Case Study,"=HYPERLINK(""https://grounded.world/our-work/our-work-whistlepig/"",""/our-work/our-work-whistlepig/"")",Whistlepig Whiskey,page,"=HYPERLINK(""https://grounded-world-web-staging.vercel.app/our-work/whistlepig"",""/our-work/whistlepig"")","=HYPERLINK(""https://grounded-world-web-staging.vercel.app/our-work/whistlepig"",""/our-work/whistlepig"")",No,,No,Need 301 redirect
Case Study,"=HYPERLINK(""https://grounded.world/our-work/our-work_lycra_qira-farm-to-fiber-vr-tour/"",""/our-work/our-work_lycra_qira-farm-to-fiber-vr-tour/"")",LYCRA + QIRA: Farm to Fiber VR Tour,page,"=HYPERLINK(""https://grounded-world-web-staging.vercel.app/our-work/lycra-qira-farm-to-fiber-vr-tour"",""/our-work/lycra-qira-farm-to-fiber-vr-tour"")","=HYPERLINK(""https://grounded-world-web-staging.vercel.app/our-work/lycra-qira-farm-to-fiber-vr-tour"",""/our-work/lycra-qira-farm-to-fiber-vr-tour"")",No,,No,Need 301 redirect
Case Study,"=HYPERLINK(""https://grounded.world/our-work/our-work_lycra_qira-farm-to-fiber/"",""/our-work/our-work_lycra_qira-farm-to-fiber/"")",LYCRA + QIRA: Farm to Fiber,page,"=HYPERLINK(""https://grounded-world-web-staging.vercel.app/our-work/lycra-qira-farm-to-fiber"",""/our-work/lycra-qira-farm-to-fiber"")","=HYPERLINK(""https://grounded-world-web-staging.vercel.app/our-work/lycra-qira-farm-to-fiber"",""/our-work/lycra-qira-farm-to-fiber"")",No,,No,Need 301 redirect
Case Study,"=HYPERLINK(""https://grounded.world/our-work/our-work_lycra_qira-farmer-docuseries/"",""/our-work/our-work_lycra_qira-farmer-docuseries/"")",LYCRA + QIRA: Farmer Docuseries,page,"=HYPERLINK(""https://grounded-world-web-staging.vercel.app/our-work/lycra-qira-farmer-docuseries"",""/our-work/lycra-qira-farmer-docuseries"")","=HYPERLINK(""https://grounded-world-web-staging.vercel.app/our-work/lycra-qira-farmer-docuseries"",""/our-work/lycra-qira-farmer-docuseries"")",No,,No,Need 301 redirect
Case Study,"=HYPERLINK(""https://grounded.world/our-work/our-work_lycra_qira-transforming-field-corn-to-fiber/"",""/our-work/our-work_lycra_qira-transforming-field-corn-to-fiber/"")",LYCRA + QIRA: Transforming Field Corn to Fiber,page,"=HYPERLINK(""https://grounded-world-web-staging.vercel.app/our-work/lycra-qira-transforming-field-corn-to-fiber"",""/our-work/lycra-qira-transforming-field-corn-to-fiber"")","=HYPERLINK(""https://grounded-world-web-staging.vercel.app/our-work/lycra-qira-transforming-field-corn-to-fiber"",""/our-work/lycra-qira-transforming-field-corn-to-fiber"")",No,,No,Need 301 redirect
Case Study,"=HYPERLINK(""https://grounded.world/our-work/our-work_qira/"",""/our-work/our-work_qira/"")",QIRA: QIRA vs Fossil Fuel,page,"=HYPERLINK(""https://grounded-world-web-staging.vercel.app/our-work/qira"",""/our-work/qira"")","=HYPERLINK(""https://grounded-world-web-staging.vercel.app/our-work/qira"",""/our-work/qira"")",No,,No,Need 301 redirect
Case Study,"=HYPERLINK(""https://grounded.world/our-work/our-work_the-lycra-company/"",""/our-work/our-work_the-lycra-company/"")",The Lycra Company: Keep in the Loop,page,"=HYPERLINK(""https://grounded-world-web-staging.vercel.app/our-work/the-lycra-company"",""/our-work/the-lycra-company"")","=HYPERLINK(""https://grounded-world-web-staging.vercel.app/our-work/the-lycra-company"",""/our-work/the-lycra-company"")",No,,No,Need 301 redirect
Case Study,"=HYPERLINK(""https://grounded.world/our-work/our-work_wasu/"",""/our-work/our-work_wasu/"")",Wasu: The Wasu Story,page,"=HYPERLINK(""https://grounded-world-web-staging.vercel.app/our-work/wasu"",""/our-work/wasu"")","=HYPERLINK(""https://grounded-world-web-staging.vercel.app/our-work/wasu"",""/our-work/wasu"")",No,,No,Need 301 redirect
Case Study,"=HYPERLINK(""https://grounded.world/our-work/our-work_whistlepig-pit-viper/"",""/our-work/our-work_whistlepig-pit-viper/"")",Whistlepig + Pit Viper,page,"=HYPERLINK(""https://grounded-world-web-staging.vercel.app/our-work/whistlepig-pit-viper"",""/our-work/whistlepig-pit-viper"")","=HYPERLINK(""https://grounded-world-web-staging.vercel.app/our-work/whistlepig-pit-viper"",""/our-work/whistlepig-pit-viper"")",No,,No,Need 301 redirect
Case Study,"=HYPERLINK(""https://grounded.world/our-work/regeneration-sustainability-marketing-case-study-grounded-world/"",""/our-work/regeneration-sustainability-marketing-case-study-grounded-world/"")",Regeneration: Turning Cans into Pans,page,"=HYPERLINK(""https://grounded-world-web-staging.vercel.app/our-work/regeneration-sustainability-marketing-case-study-grounded-world"",""/our-work/regeneration-sustainability-marketing-case-study-grounded-world"")","=HYPERLINK(""https://grounded-world-web-staging.vercel.app/our-work/regeneration-sustainability-marketing-case-study-grounded-world"",""/our-work/regeneration-sustainability-marketing-case-study-grounded-world"")",n/a (same path),,No,Same slug - trailing slash only
Case Study,"=HYPERLINK(""https://grounded.world/our-work/unbeelievables-sustainability-case-study-grounded-world/"",""/our-work/unbeelievables-sustainability-case-study-grounded-world/"")",Delhaize: UnBEElieveables,page,"=HYPERLINK(""https://grounded-world-web-staging.vercel.app/our-work/unbeelievables-sustainability-case-study-grounded-world"",""/our-work/unbeelievables-sustainability-case-study-grounded-world"")","=HYPERLINK(""https://grounded-world-web-staging.vercel.app/our-work/unbeelievables-sustainability-case-study-grounded-world"",""/our-work/unbeelievables-sustainability-case-study-grounded-world"")",n/a (same path),,No,Same slug - trailing slash only
Blog Post,"=HYPERLINK(""https://grounded.world/activating-brand-purpose-and-sustainability/61-b-corp-gift-ideas-for-green-friday/"",""/activating-brand-purpose-and-sustainability/61-b-corp-gift-ideas-for-green-friday/"")",61 B Corp Gift Ideas for Green Friday,post,"=HYPERLINK(""https://grounded-world-web-staging.vercel.app/resources/articles/61-b-corp-gift-ideas-for-green-friday"",""/resources/articles/61-b-corp-gift-ideas-for-green-friday"")","=HYPERLINK(""https://grounded-world-web-staging.vercel.app/resources/articles/61-b-corp-gift-ideas-for-green-friday"",""/resources/articles/61-b-corp-gift-ideas-for-green-friday"")",No,,No,Thought leadership post - Matt confirmed these URLs 'can all be changed'. Safe to redirect to /resources/articles/{slug}
Blog Post,"=HYPERLINK(""https://grounded.world/activating-brand-purpose-and-sustainability/a-future-without-cigarettes-shouldnt-be-this-hard-jennifer-motles/"",""/activating-brand-purpose-and-sustainability/a-future-without-cigarettes-shouldnt-be-this-hard-jennifer-motles/"")",A Future Without Cigarettes Shouldn't Be This Hard,post,"=HYPERLINK(""https://grounded-world-web-staging.vercel.app/resources/articles/a-future-without-cigarettes-shouldnt-be-this-hard-jennifer-motles"",""/resources/articles/a-future-without-cigarettes-shouldnt-be-this-hard-jennifer-motles"")","=HYPERLINK(""https://grounded-world-web-staging.vercel.app/resources/articles/a-future-without-cigarettes-shouldnt-be-this-hard-jennifer-motles"",""/resources/articles/a-future-without-cigarettes-shouldnt-be-this-hard-jennifer-motles"")",No,,No,Thought leadership post - Matt confirmed these URLs 'can all be changed'. Safe to redirect to /resources/articles/{slug}
Blog Post,"=HYPERLINK(""https://grounded.world/activating-brand-purpose-and-sustainability/avoid-greenwashing/"",""/activating-brand-purpose-and-sustainability/avoid-greenwashing/"")",Avoid Greenwashing,post,"=HYPERLINK(""https://grounded-world-web-staging.vercel.app/resources/articles/avoid-greenwashing"",""/resources/articles/avoid-greenwashing"")","=HYPERLINK(""https://grounded-world-web-staging.vercel.app/resources/articles/avoid-greenwashing"",""/resources/articles/avoid-greenwashing"")",No,,No,Thought leadership post - Matt confirmed these URLs 'can all be changed'. Safe to redirect to /resources/articles/{slug}
Blog Post,"=HYPERLINK(""https://grounded.world/activating-brand-purpose-and-sustainability/bridging-the-intention-action-gap-in-sustainable-behavior/"",""/activating-brand-purpose-and-sustainability/bridging-the-intention-action-gap-in-sustainable-behavior/"")",Bridging the Intention-Action Gap,post,"=HYPERLINK(""https://grounded-world-web-staging.vercel.app/resources/articles/bridging-the-intention-action-gap-in-sustainable-behavior"",""/resources/articles/bridging-the-intention-action-gap-in-sustainable-behavior"")","=HYPERLINK(""https://grounded-world-web-staging.vercel.app/resources/articles/bridging-the-intention-action-gap-in-sustainable-behavior"",""/resources/articles/bridging-the-intention-action-gap-in-sustainable-behavior"")",No,,No,Thought leadership post - Matt confirmed these URLs 'can all be changed'. Safe to redirect to /resources/articles/{slug}
Blog Post,"=HYPERLINK(""https://grounded.world/activating-brand-purpose-and-sustainability/cancel-culture-in-climate/"",""/activating-brand-purpose-and-sustainability/cancel-culture-in-climate/"")",Cancel Culture in Climate,post,"=HYPERLINK(""https://grounded-world-web-staging.vercel.app/resources/articles/cancel-culture-in-climate"",""/resources/articles/cancel-culture-in-climate"")","=HYPERLINK(""https://grounded-world-web-staging.vercel.app/resources/articles/cancel-culture-in-climate"",""/resources/articles/cancel-culture-in-climate"")",No,,No,Thought leadership post - Matt confirmed these URLs 'can all be changed'. Safe to redirect to /resources/articles/{slug}
Blog Post,"=HYPERLINK(""https://grounded.world/activating-brand-purpose-and-sustainability/circular-brand-activation-in-switzerland-how-qwstion-id-geneve-and-zuriga-are-building-regenerative-brands/"",""/activating-brand-purpose-and-sustainability/circular-brand-activation-in-switzerland-how-qwstion-id-geneve-and-zuriga-are-building-regenerative-brands/"")",Circular Brand Activation in Switzerland,post,"=HYPERLINK(""https://grounded-world-web-staging.vercel.app/resources/articles/circular-brand-activation-in-switzerland-how-qwstion-id-geneve-and-zuriga-are-building-regenerative-brands"",""/resources/articles/circular-brand-activation-in-switzerland-how-qwstion-id-geneve-and-zuriga-are-building-regenerative-brands"")","=HYPERLINK(""https://grounded-world-web-staging.vercel.app/resources/articles/circular-brand-activation-in-switzerland-how-qwstion-id-geneve-and-zuriga-are-building-regenerative-brands"",""/resources/articles/circular-brand-activation-in-switzerland-how-qwstion-id-geneve-and-zuriga-are-building-regenerative-brands"")",No,,No,Thought leadership post - Matt confirmed these URLs 'can all be changed'. Safe to redirect to /resources/articles/{slug}
Blog Post,"=HYPERLINK(""https://grounded.world/activating-brand-purpose-and-sustainability/circular-cities-switzerland-urban-design-innovation/"",""/activating-brand-purpose-and-sustainability/circular-cities-switzerland-urban-design-innovation/"")",Circular Cities in Action,post,"=HYPERLINK(""https://grounded-world-web-staging.vercel.app/resources/articles/circular-cities-switzerland-urban-design-innovation"",""/resources/articles/circular-cities-switzerland-urban-design-innovation"")","=HYPERLINK(""https://grounded-world-web-staging.vercel.app/resources/articles/circular-cities-switzerland-urban-design-innovation"",""/resources/articles/circular-cities-switzerland-urban-design-innovation"")",No,,No,Thought leadership post - Matt confirmed these URLs 'can all be changed'. Safe to redirect to /resources/articles/{slug}
Blog Post,"=HYPERLINK(""https://grounded.world/activating-brand-purpose-and-sustainability/circular-economy-in-switzerland/"",""/activating-brand-purpose-and-sustainability/circular-economy-in-switzerland/"")",Circular Economy in Switzerland,post,"=HYPERLINK(""https://grounded-world-web-staging.vercel.app/resources/articles/circular-economy-in-switzerland"",""/resources/articles/circular-economy-in-switzerland"")","=HYPERLINK(""https://grounded-world-web-staging.vercel.app/resources/articles/circular-economy-in-switzerland"",""/resources/articles/circular-economy-in-switzerland"")",No,,No,Thought leadership post - Matt confirmed these URLs 'can all be changed'. Safe to redirect to /resources/articles/{slug}
Blog Post,"=HYPERLINK(""https://grounded.world/activating-brand-purpose-and-sustainability/closing-the-intention-action-gap-why-good-intentions-arent-always-enough-during-earth-month/"",""/activating-brand-purpose-and-sustainability/closing-the-intention-action-gap-why-good-intentions-arent-always-enough-during-earth-month/"")",Intention-Action Gap: Earth Month,post,"=HYPERLINK(""https://grounded-world-web-staging.vercel.app/resources/articles/closing-the-intention-action-gap-why-good-intentions-arent-always-enough-during-earth-month"",""/resources/articles/closing-the-intention-action-gap-why-good-intentions-arent-always-enough-during-earth-month"")","=HYPERLINK(""https://grounded-world-web-staging.vercel.app/resources/articles/closing-the-intention-action-gap-why-good-intentions-arent-always-enough-during-earth-month"",""/resources/articles/closing-the-intention-action-gap-why-good-intentions-arent-always-enough-during-earth-month"")",No,,No,Thought leadership post - Matt confirmed these URLs 'can all be changed'. Safe to redirect to /resources/articles/{slug}
Blog Post,"=HYPERLINK(""https://grounded.world/activating-brand-purpose-and-sustainability/convenience-without-conscience-the-sustainability-gap-in-grocery-delivery/"",""/activating-brand-purpose-and-sustainability/convenience-without-conscience-the-sustainability-gap-in-grocery-delivery/"")",Convenience Without Conscience,post,"=HYPERLINK(""https://grounded-world-web-staging.vercel.app/resources/articles/convenience-without-conscience-the-sustainability-gap-in-grocery-delivery"",""/resources/articles/convenience-without-conscience-the-sustainability-gap-in-grocery-delivery"")","=HYPERLINK(""https://grounded-world-web-staging.vercel.app/resources/articles/convenience-without-conscience-the-sustainability-gap-in-grocery-delivery"",""/resources/articles/convenience-without-conscience-the-sustainability-gap-in-grocery-delivery"")",No,,No,Thought leadership post - Matt confirmed these URLs 'can all be changed'. Safe to redirect to /resources/articles/{slug}
Blog Post,"=HYPERLINK(""https://grounded.world/activating-brand-purpose-and-sustainability/fair-price-for-coffee-shouldnt-be-this-hard-bob-michelle-fish/"",""/activating-brand-purpose-and-sustainability/fair-price-for-coffee-shouldnt-be-this-hard-bob-michelle-fish/"")",Fair Price for Coffee Shouldn't Be This Hard,post,"=HYPERLINK(""https://grounded-world-web-staging.vercel.app/resources/articles/fair-price-for-coffee-shouldnt-be-this-hard-bob-michelle-fish"",""/resources/articles/fair-price-for-coffee-shouldnt-be-this-hard-bob-michelle-fish"")","=HYPERLINK(""https://grounded-world-web-staging.vercel.app/resources/articles/fair-price-for-coffee-shouldnt-be-this-hard-bob-michelle-fish"",""/resources/articles/fair-price-for-coffee-shouldnt-be-this-hard-bob-michelle-fish"")",No,,No,Thought leadership post - Matt confirmed these URLs 'can all be changed'. Safe to redirect to /resources/articles/{slug}
Blog Post,"=HYPERLINK(""https://grounded.world/activating-brand-purpose-and-sustainability/fighting-food-waste-shouldnt-be-this-hard/"",""/activating-brand-purpose-and-sustainability/fighting-food-waste-shouldnt-be-this-hard/"")",Fighting Food Waste Shouldn't Be This Hard,post,"=HYPERLINK(""https://grounded-world-web-staging.vercel.app/resources/articles/fighting-food-waste-shouldnt-be-this-hard"",""/resources/articles/fighting-food-waste-shouldnt-be-this-hard"")","=HYPERLINK(""https://grounded-world-web-staging.vercel.app/resources/articles/fighting-food-waste-shouldnt-be-this-hard"",""/resources/articles/fighting-food-waste-shouldnt-be-this-hard"")",No,,No,Thought leadership post - Matt confirmed these URLs 'can all be changed'. Safe to redirect to /resources/articles/{slug}
Blog Post,"=HYPERLINK(""https://grounded.world/activating-brand-purpose-and-sustainability/gender-equality-5-ways-brands-can-take-action/"",""/activating-brand-purpose-and-sustainability/gender-equality-5-ways-brands-can-take-action/"")",Gender Equality: 5 Ways Brands Can Take Action,post,"=HYPERLINK(""https://grounded-world-web-staging.vercel.app/resources/articles/gender-equality-5-ways-brands-can-take-action"",""/resources/articles/gender-equality-5-ways-brands-can-take-action"")","=HYPERLINK(""https://grounded-world-web-staging.vercel.app/resources/articles/gender-equality-5-ways-brands-can-take-action"",""/resources/articles/gender-equality-5-ways-brands-can-take-action"")",No,,No,Thought leadership post - Matt confirmed these URLs 'can all be changed'. Safe to redirect to /resources/articles/{slug}
Blog Post,"=HYPERLINK(""https://grounded.world/activating-brand-purpose-and-sustainability/get-grounded-in-the-plastic-reality-project-with-paloma-jacome/"",""/activating-brand-purpose-and-sustainability/get-grounded-in-the-plastic-reality-project-with-paloma-jacome/"")",Plastic Reality Project with Paloma Jacome,post,"=HYPERLINK(""https://grounded-world-web-staging.vercel.app/resources/articles/get-grounded-in-the-plastic-reality-project-with-paloma-jacome"",""/resources/articles/get-grounded-in-the-plastic-reality-project-with-paloma-jacome"")","=HYPERLINK(""https://grounded-world-web-staging.vercel.app/resources/articles/get-grounded-in-the-plastic-reality-project-with-paloma-jacome"",""/resources/articles/get-grounded-in-the-plastic-reality-project-with-paloma-jacome"")",No,,No,Thought leadership post - Matt confirmed these URLs 'can all be changed'. Safe to redirect to /resources/articles/{slug}
Blog Post,"=HYPERLINK(""https://grounded.world/activating-brand-purpose-and-sustainability/going-circular-the-story-of-decathlon/"",""/activating-brand-purpose-and-sustainability/going-circular-the-story-of-decathlon/"")",Going Circular: The Story of Decathlon,post,"=HYPERLINK(""https://grounded-world-web-staging.vercel.app/resources/articles/going-circular-the-story-of-decathlon"",""/resources/articles/going-circular-the-story-of-decathlon"")","=HYPERLINK(""https://grounded-world-web-staging.vercel.app/resources/articles/going-circular-the-story-of-decathlon"",""/resources/articles/going-circular-the-story-of-decathlon"")",No,,No,Thought leadership post - Matt confirmed these URLs 'can all be changed'. Safe to redirect to /resources/articles/{slug}
Blog Post,"=HYPERLINK(""https://grounded.world/activating-brand-purpose-and-sustainability/green-friday-brand-activation-inspiring-sustainable-choices-instead-of-black-friday/"",""/activating-brand-purpose-and-sustainability/green-friday-brand-activation-inspiring-sustainable-choices-instead-of-black-friday/"")",Green Friday Brand Activation,post,"=HYPERLINK(""https://grounded-world-web-staging.vercel.app/resources/articles/green-friday-brand-activation-inspiring-sustainable-choices-instead-of-black-friday"",""/resources/articles/green-friday-brand-activation-inspiring-sustainable-choices-instead-of-black-friday"")","=HYPERLINK(""https://grounded-world-web-staging.vercel.app/resources/articles/green-friday-brand-activation-inspiring-sustainable-choices-instead-of-black-friday"",""/resources/articles/green-friday-brand-activation-inspiring-sustainable-choices-instead-of-black-friday"")",No,,No,Thought leadership post - Matt confirmed these URLs 'can all be changed'. Safe to redirect to /resources/articles/{slug}
Blog Post,"=HYPERLINK(""https://grounded.world/activating-brand-purpose-and-sustainability/how-social-innovation-is-closing-the-wellness-gap/"",""/activating-brand-purpose-and-sustainability/how-social-innovation-is-closing-the-wellness-gap/"")",How Social Innovation Is Closing the Wellness Gap,post,"=HYPERLINK(""https://grounded-world-web-staging.vercel.app/resources/articles/how-social-innovation-is-closing-the-wellness-gap"",""/resources/articles/how-social-innovation-is-closing-the-wellness-gap"")","=HYPERLINK(""https://grounded-world-web-staging.vercel.app/resources/articles/how-social-innovation-is-closing-the-wellness-gap"",""/resources/articles/how-social-innovation-is-closing-the-wellness-gap"")",No,,No,Thought leadership post - Matt confirmed these URLs 'can all be changed'. Safe to redirect to /resources/articles/{slug}
Blog Post,"=HYPERLINK(""https://grounded.world/activating-brand-purpose-and-sustainability/making-earth-day-every-day-shouldnt-be-this-hard-kathleen-rogers/"",""/activating-brand-purpose-and-sustainability/making-earth-day-every-day-shouldnt-be-this-hard-kathleen-rogers/"")",Making Earth Day Every Day Shouldn't Be This Hard,post,"=HYPERLINK(""https://grounded-world-web-staging.vercel.app/resources/articles/making-earth-day-every-day-shouldnt-be-this-hard-kathleen-rogers"",""/resources/articles/making-earth-day-every-day-shouldnt-be-this-hard-kathleen-rogers"")","=HYPERLINK(""https://grounded-world-web-staging.vercel.app/resources/articles/making-earth-day-every-day-shouldnt-be-this-hard-kathleen-rogers"",""/resources/articles/making-earth-day-every-day-shouldnt-be-this-hard-kathleen-rogers"")",No,,No,Thought leadership post - Matt confirmed these URLs 'can all be changed'. Safe to redirect to /resources/articles/{slug}
Blog Post,"=HYPERLINK(""https://grounded.world/activating-brand-purpose-and-sustainability/mental-health-meets-marketing/"",""/activating-brand-purpose-and-sustainability/mental-health-meets-marketing/"")",When Mental Health Awareness Meets Marketing,post,"=HYPERLINK(""https://grounded-world-web-staging.vercel.app/resources/articles/mental-health-meets-marketing"",""/resources/articles/mental-health-meets-marketing"")","=HYPERLINK(""https://grounded-world-web-staging.vercel.app/resources/articles/mental-health-meets-marketing"",""/resources/articles/mental-health-meets-marketing"")",No,,No,Thought leadership post - Matt confirmed these URLs 'can all be changed'. Safe to redirect to /resources/articles/{slug}
Blog Post,"=HYPERLINK(""https://grounded.world/activating-brand-purpose-and-sustainability/plastic-free-july-unoc3-insights/"",""/activating-brand-purpose-and-sustainability/plastic-free-july-unoc3-insights/"")",Plastic Free July: Insights from UNOC3,post,"=HYPERLINK(""https://grounded-world-web-staging.vercel.app/resources/articles/plastic-free-july-unoc3-insights"",""/resources/articles/plastic-free-july-unoc3-insights"")","=HYPERLINK(""https://grounded-world-web-staging.vercel.app/resources/articles/plastic-free-july-unoc3-insights"",""/resources/articles/plastic-free-july-unoc3-insights"")",No,,No,Thought leadership post - Matt confirmed these URLs 'can all be changed'. Safe to redirect to /resources/articles/{slug}
Blog Post,"=HYPERLINK(""https://grounded.world/activating-brand-purpose-and-sustainability/pride-2025-beige-pride-pinkhushing-brand-activism-at-its-best/"",""/activating-brand-purpose-and-sustainability/pride-2025-beige-pride-pinkhushing-brand-activism-at-its-best/"")",Pride 2025: Beige Pride & Brand Activism,post,"=HYPERLINK(""https://grounded-world-web-staging.vercel.app/resources/articles/pride-2025-beige-pride-pinkhushing-brand-activism-at-its-best"",""/resources/articles/pride-2025-beige-pride-pinkhushing-brand-activism-at-its-best"")","=HYPERLINK(""https://grounded-world-web-staging.vercel.app/resources/articles/pride-2025-beige-pride-pinkhushing-brand-activism-at-its-best"",""/resources/articles/pride-2025-beige-pride-pinkhushing-brand-activism-at-its-best"")",No,,No,Thought leadership post - Matt confirmed these URLs 'can all be changed'. Safe to redirect to /resources/articles/{slug}
Blog Post,"=HYPERLINK(""https://grounded.world/activating-brand-purpose-and-sustainability/stopping-plastic-pollution-shouldnt-be-this-hard-david-katz/"",""/activating-brand-purpose-and-sustainability/stopping-plastic-pollution-shouldnt-be-this-hard-david-katz/"")",Stopping Plastic Pollution Shouldn't Be This Hard,post,"=HYPERLINK(""https://grounded-world-web-staging.vercel.app/resources/articles/stopping-plastic-pollution-shouldnt-be-this-hard-david-katz"",""/resources/articles/stopping-plastic-pollution-shouldnt-be-this-hard-david-katz"")","=HYPERLINK(""https://grounded-world-web-staging.vercel.app/resources/articles/stopping-plastic-pollution-shouldnt-be-this-hard-david-katz"",""/resources/articles/stopping-plastic-pollution-shouldnt-be-this-hard-david-katz"")",No,,No,Thought leadership post - Matt confirmed these URLs 'can all be changed'. Safe to redirect to /resources/articles/{slug}
Blog Post,"=HYPERLINK(""https://grounded.world/activating-brand-purpose-and-sustainability/sustainable-holiday-tips-reducing-waste-during-the-most-wonderful-excessive-time-of-the-year/"",""/activating-brand-purpose-and-sustainability/sustainable-holiday-tips-reducing-waste-during-the-most-wonderful-excessive-time-of-the-year/"")",Sustainable Holiday Tips,post,"=HYPERLINK(""https://grounded-world-web-staging.vercel.app/resources/articles/sustainable-holiday-tips-reducing-waste-during-the-most-wonderful-excessive-time-of-the-year"",""/resources/articles/sustainable-holiday-tips-reducing-waste-during-the-most-wonderful-excessive-time-of-the-year"")","=HYPERLINK(""https://grounded-world-web-staging.vercel.app/resources/articles/sustainable-holiday-tips-reducing-waste-during-the-most-wonderful-excessive-time-of-the-year"",""/resources/articles/sustainable-holiday-tips-reducing-waste-during-the-most-wonderful-excessive-time-of-the-year"")",No,,No,Thought leadership post - Matt confirmed these URLs 'can all be changed'. Safe to redirect to /resources/articles/{slug}
Blog Post,"=HYPERLINK(""https://grounded.world/activating-brand-purpose-and-sustainability/top-5-brands-helping-keep-our-oceans-clean-plastic-free/"",""/activating-brand-purpose-and-sustainability/top-5-brands-helping-keep-our-oceans-clean-plastic-free/"")",Top 5 Brands Helping Keep Our Oceans Clean,post,"=HYPERLINK(""https://grounded-world-web-staging.vercel.app/resources/articles/top-5-brands-helping-keep-our-oceans-clean-plastic-free"",""/resources/articles/top-5-brands-helping-keep-our-oceans-clean-plastic-free"")","=HYPERLINK(""https://grounded-world-web-staging.vercel.app/resources/articles/top-5-brands-helping-keep-our-oceans-clean-plastic-free"",""/resources/articles/top-5-brands-helping-keep-our-oceans-clean-plastic-free"")",No,,No,Thought leadership post - Matt confirmed these URLs 'can all be changed'. Safe to redirect to /resources/articles/{slug}
Blog Post,"=HYPERLINK(""https://grounded.world/activating-brand-purpose-and-sustainability/understanding-activating-brand-purpose-in-retail/"",""/activating-brand-purpose-and-sustainability/understanding-activating-brand-purpose-in-retail/"")",Understanding & Activating Brand Purpose in Retail,post,"=HYPERLINK(""https://grounded-world-web-staging.vercel.app/resources/articles/understanding-activating-brand-purpose-in-retail"",""/resources/articles/understanding-activating-brand-purpose-in-retail"")","=HYPERLINK(""https://grounded-world-web-staging.vercel.app/resources/articles/understanding-activating-brand-purpose-in-retail"",""/resources/articles/understanding-activating-brand-purpose-in-retail"")",No,,No,Thought leadership post - Matt confirmed these URLs 'can all be changed'. Safe to redirect to /resources/articles/{slug}
Blog Post,"=HYPERLINK(""https://grounded.world/activating-brand-purpose-and-sustainability/universal-flourishing-shouldnt-be-this-hard-karimah-huddah/"",""/activating-brand-purpose-and-sustainability/universal-flourishing-shouldnt-be-this-hard-karimah-huddah/"")",Universal Flourishing Shouldn't Be This Hard,post,"=HYPERLINK(""https://grounded-world-web-staging.vercel.app/resources/articles/universal-flourishing-shouldnt-be-this-hard-karimah-huddah"",""/resources/articles/universal-flourishing-shouldnt-be-this-hard-karimah-huddah"")","=HYPERLINK(""https://grounded-world-web-staging.vercel.app/resources/articles/universal-flourishing-shouldnt-be-this-hard-karimah-huddah"",""/resources/articles/universal-flourishing-shouldnt-be-this-hard-karimah-huddah"")",No,,No,Thought leadership post - Matt confirmed these URLs 'can all be changed'. Safe to redirect to /resources/articles/{slug}
Blog Post,"=HYPERLINK(""https://grounded.world/activating-brand-purpose-and-sustainability/what-is-circular-fashion-the-future-of-fashion/"",""/activating-brand-purpose-and-sustainability/what-is-circular-fashion-the-future-of-fashion/"")",What is Circular Fashion?,post,"=HYPERLINK(""https://grounded-world-web-staging.vercel.app/resources/articles/what-is-circular-fashion-the-future-of-fashion"",""/resources/articles/what-is-circular-fashion-the-future-of-fashion"")","=HYPERLINK(""https://grounded-world-web-staging.vercel.app/resources/articles/what-is-circular-fashion-the-future-of-fashion"",""/resources/articles/what-is-circular-fashion-the-future-of-fashion"")",No,,No,Thought leadership post - Matt confirmed these URLs 'can all be changed'. Safe to redirect to /resources/articles/{slug}
Blog Post,"=HYPERLINK(""https://grounded.world/activating-brand-purpose-and-sustainability/what-the-eus-sustainability-reporting-directves-mean-for-your-business-csrd-cs3d/"",""/activating-brand-purpose-and-sustainability/what-the-eus-sustainability-reporting-directves-mean-for-your-business-csrd-cs3d/"")",EU Sustainability Reporting Directives,post,"=HYPERLINK(""https://grounded-world-web-staging.vercel.app/resources/articles/what-the-eus-sustainability-reporting-directves-mean-for-your-business-csrd-cs3d"",""/resources/articles/what-the-eus-sustainability-reporting-directves-mean-for-your-business-csrd-cs3d"")","=HYPERLINK(""https://grounded-world-web-staging.vercel.app/resources/articles/what-the-eus-sustainability-reporting-directves-mean-for-your-business-csrd-cs3d"",""/resources/articles/what-the-eus-sustainability-reporting-directves-mean-for-your-business-csrd-cs3d"")",No,,No,Thought leadership post - Matt confirmed these URLs 'can all be changed'. Safe to redirect to /resources/articles/{slug}
Blog Post,"=HYPERLINK(""https://grounded.world/brand-activation/partnerships-community/cause-marketing-campaigns/"",""/brand-activation/partnerships-community/cause-marketing-campaigns/"")",Cause Marketing Campaigns,post,"=HYPERLINK(""https://grounded-world-web-staging.vercel.app/resources/articles/cause-marketing-campaigns"",""/resources/articles/cause-marketing-campaigns"")","=HYPERLINK(""https://grounded-world-web-staging.vercel.app/resources/articles/cause-marketing-campaigns"",""/resources/articles/cause-marketing-campaigns"")",No,,No,TOPICAL AUTHORITY POST - Matt says these category URLs were 'playing a role' in SEO rankings. Stripping category may hurt homepage #1 ranking for 'brand purpose agency'. DECISION REQUIRED before redirect.
Blog Post,"=HYPERLINK(""https://grounded.world/brand-activation/partnerships-community/cause-related-marketing/"",""/brand-activation/partnerships-community/cause-related-marketing/"")",Cause Related Marketing,post,"=HYPERLINK(""https://grounded-world-web-staging.vercel.app/resources/articles/cause-related-marketing"",""/resources/articles/cause-related-marketing"")","=HYPERLINK(""https://grounded-world-web-staging.vercel.app/resources/articles/cause-related-marketing"",""/resources/articles/cause-related-marketing"")",No,,No,TOPICAL AUTHORITY POST - Matt says these category URLs were 'playing a role' in SEO rankings. Stripping category may hurt homepage #1 ranking for 'brand purpose agency'. DECISION REQUIRED before redirect.
Blog Post,"=HYPERLINK(""https://grounded.world/brand-activation/partnerships-community/community-engagement-strategy/"",""/brand-activation/partnerships-community/community-engagement-strategy/"")",Community Engagement Strategy,post,"=HYPERLINK(""https://grounded-world-web-staging.vercel.app/resources/articles/community-engagement-strategy"",""/resources/articles/community-engagement-strategy"")","=HYPERLINK(""https://grounded-world-web-staging.vercel.app/resources/articles/community-engagement-strategy"",""/resources/articles/community-engagement-strategy"")",No,,No,TOPICAL AUTHORITY POST - Matt says these category URLs were 'playing a role' in SEO rankings. Stripping category may hurt homepage #1 ranking for 'brand purpose agency'. DECISION REQUIRED before redirect.
Blog Post,"=HYPERLINK(""https://grounded.world/brand-activation/partnerships-community/stakeholder-engagement-strategy/"",""/brand-activation/partnerships-community/stakeholder-engagement-strategy/"")",Stakeholder Engagement Strategy,post,"=HYPERLINK(""https://grounded-world-web-staging.vercel.app/resources/articles/stakeholder-engagement-strategy"",""/resources/articles/stakeholder-engagement-strategy"")","=HYPERLINK(""https://grounded-world-web-staging.vercel.app/resources/articles/stakeholder-engagement-strategy"",""/resources/articles/stakeholder-engagement-strategy"")",No,,No,TOPICAL AUTHORITY POST - Matt says these category URLs were 'playing a role' in SEO rankings. Stripping category may hurt homepage #1 ranking for 'brand purpose agency'. DECISION REQUIRED before redirect.
Blog Post,"=HYPERLINK(""https://grounded.world/brand-activation/retail-shopper/brand-activation-at-retail/"",""/brand-activation/retail-shopper/brand-activation-at-retail/"")",Brand Activation at Retail,post,"=HYPERLINK(""https://grounded-world-web-staging.vercel.app/resources/articles/brand-activation-at-retail"",""/resources/articles/brand-activation-at-retail"")","=HYPERLINK(""https://grounded-world-web-staging.vercel.app/resources/articles/brand-activation-at-retail"",""/resources/articles/brand-activation-at-retail"")",No,,No,TOPICAL AUTHORITY POST - Matt says these category URLs were 'playing a role' in SEO rankings. Stripping category may hurt homepage #1 ranking for 'brand purpose agency'. DECISION REQUIRED before redirect.
Blog Post,"=HYPERLINK(""https://grounded.world/brand-activation/retail-shopper/retail-activation/"",""/brand-activation/retail-shopper/retail-activation/"")",Retail Activation,post,"=HYPERLINK(""https://grounded-world-web-staging.vercel.app/resources/articles/retail-activation"",""/resources/articles/retail-activation"")","=HYPERLINK(""https://grounded-world-web-staging.vercel.app/resources/articles/retail-activation"",""/resources/articles/retail-activation"")",No,,No,TOPICAL AUTHORITY POST - Matt says these category URLs were 'playing a role' in SEO rankings. Stripping category may hurt homepage #1 ranking for 'brand purpose agency'. DECISION REQUIRED before redirect.
Blog Post,"=HYPERLINK(""https://grounded.world/brand-activation/retail-shopper/retail-marketing-campaigns/"",""/brand-activation/retail-shopper/retail-marketing-campaigns/"")",Retail Marketing Campaigns,post,"=HYPERLINK(""https://grounded-world-web-staging.vercel.app/resources/articles/retail-marketing-campaigns"",""/resources/articles/retail-marketing-campaigns"")","=HYPERLINK(""https://grounded-world-web-staging.vercel.app/resources/articles/retail-marketing-campaigns"",""/resources/articles/retail-marketing-campaigns"")",No,,No,TOPICAL AUTHORITY POST - Matt says these category URLs were 'playing a role' in SEO rankings. Stripping category may hurt homepage #1 ranking for 'brand purpose agency'. DECISION REQUIRED before redirect.
Blog Post,"=HYPERLINK(""https://grounded.world/brand-activation/retail-shopper/shopper-behaviour-insights/"",""/brand-activation/retail-shopper/shopper-behaviour-insights/"")",Shopper Behaviour Insights,post,"=HYPERLINK(""https://grounded-world-web-staging.vercel.app/resources/articles/shopper-behaviour-insights"",""/resources/articles/shopper-behaviour-insights"")","=HYPERLINK(""https://grounded-world-web-staging.vercel.app/resources/articles/shopper-behaviour-insights"",""/resources/articles/shopper-behaviour-insights"")",No,,No,TOPICAL AUTHORITY POST - Matt says these category URLs were 'playing a role' in SEO rankings. Stripping category may hurt homepage #1 ranking for 'brand purpose agency'. DECISION REQUIRED before redirect.
Blog Post,"=HYPERLINK(""https://grounded.world/brand-activation/retail-shopper/shopper-marketing/"",""/brand-activation/retail-shopper/shopper-marketing/"")",Shopper Marketing,post,"=HYPERLINK(""https://grounded-world-web-staging.vercel.app/resources/articles/shopper-marketing"",""/resources/articles/shopper-marketing"")","=HYPERLINK(""https://grounded-world-web-staging.vercel.app/resources/articles/shopper-marketing"",""/resources/articles/shopper-marketing"")",No,,No,TOPICAL AUTHORITY POST - Matt says these category URLs were 'playing a role' in SEO rankings. Stripping category may hurt homepage #1 ranking for 'brand purpose agency'. DECISION REQUIRED before redirect.
Blog Post,"=HYPERLINK(""https://grounded.world/brand-activation/retail-shopper/sustainability-market-research/"",""/brand-activation/retail-shopper/sustainability-market-research/"")",Sustainability Market Research,post,"=HYPERLINK(""https://grounded-world-web-staging.vercel.app/resources/articles/sustainability-market-research"",""/resources/articles/sustainability-market-research"")","=HYPERLINK(""https://grounded-world-web-staging.vercel.app/resources/articles/sustainability-market-research"",""/resources/articles/sustainability-market-research"")",No,,No,TOPICAL AUTHORITY POST - Matt says these category URLs were 'playing a role' in SEO rankings. Stripping category may hurt homepage #1 ranking for 'brand purpose agency'. DECISION REQUIRED before redirect.
Blog Post,"=HYPERLINK(""https://grounded.world/brand-activation/strategy/brand-activation-strategy/"",""/brand-activation/strategy/brand-activation-strategy/"")",Brand Activation Strategy,post,"=HYPERLINK(""https://grounded-world-web-staging.vercel.app/resources/articles/brand-activation-strategy"",""/resources/articles/brand-activation-strategy"")","=HYPERLINK(""https://grounded-world-web-staging.vercel.app/resources/articles/brand-activation-strategy"",""/resources/articles/brand-activation-strategy"")",No,,No,TOPICAL AUTHORITY POST - Matt says these category URLs were 'playing a role' in SEO rankings. Stripping category may hurt homepage #1 ranking for 'brand purpose agency'. DECISION REQUIRED before redirect.
Blog Post,"=HYPERLINK(""https://grounded.world/brand-activation/strategy/brand-experience-strategy/"",""/brand-activation/strategy/brand-experience-strategy/"")",Brand Experience Strategy,post,"=HYPERLINK(""https://grounded-world-web-staging.vercel.app/resources/articles/brand-experience-strategy"",""/resources/articles/brand-experience-strategy"")","=HYPERLINK(""https://grounded-world-web-staging.vercel.app/resources/articles/brand-experience-strategy"",""/resources/articles/brand-experience-strategy"")",No,,No,TOPICAL AUTHORITY POST - Matt says these category URLs were 'playing a role' in SEO rankings. Stripping category may hurt homepage #1 ranking for 'brand purpose agency'. DECISION REQUIRED before redirect.
Blog Post,"=HYPERLINK(""https://grounded.world/brand-activation/strategy/customer-engagement-strategy/"",""/brand-activation/strategy/customer-engagement-strategy/"")",Customer Engagement Strategy,post,"=HYPERLINK(""https://grounded-world-web-staging.vercel.app/resources/articles/customer-engagement-strategy"",""/resources/articles/customer-engagement-strategy"")","=HYPERLINK(""https://grounded-world-web-staging.vercel.app/resources/articles/customer-engagement-strategy"",""/resources/articles/customer-engagement-strategy"")",No,,No,TOPICAL AUTHORITY POST - Matt says these category URLs were 'playing a role' in SEO rankings. Stripping category may hurt homepage #1 ranking for 'brand purpose agency'. DECISION REQUIRED before redirect.
Blog Post,"=HYPERLINK(""https://grounded.world/brand-activation/strategy/human-centered-marketing/"",""/brand-activation/strategy/human-centered-marketing/"")",Human Centered Marketing,post,"=HYPERLINK(""https://grounded-world-web-staging.vercel.app/resources/articles/human-centered-marketing"",""/resources/articles/human-centered-marketing"")","=HYPERLINK(""https://grounded-world-web-staging.vercel.app/resources/articles/human-centered-marketing"",""/resources/articles/human-centered-marketing"")",No,,No,TOPICAL AUTHORITY POST - Matt says these category URLs were 'playing a role' in SEO rankings. Stripping category may hurt homepage #1 ranking for 'brand purpose agency'. DECISION REQUIRED before redirect.
Blog Post,"=HYPERLINK(""https://grounded.world/brand-activation/strategy/integrated-marketing-strategy/"",""/brand-activation/strategy/integrated-marketing-strategy/"")",Integrated Marketing Strategy,post,"=HYPERLINK(""https://grounded-world-web-staging.vercel.app/resources/articles/integrated-marketing-strategy"",""/resources/articles/integrated-marketing-strategy"")","=HYPERLINK(""https://grounded-world-web-staging.vercel.app/resources/articles/integrated-marketing-strategy"",""/resources/articles/integrated-marketing-strategy"")",No,,No,TOPICAL AUTHORITY POST - Matt says these category URLs were 'playing a role' in SEO rankings. Stripping category may hurt homepage #1 ranking for 'brand purpose agency'. DECISION REQUIRED before redirect.
Blog Post,"=HYPERLINK(""https://grounded.world/brand-activation/strategy/purpose-driven-marketing/"",""/brand-activation/strategy/purpose-driven-marketing/"")",Purpose Driven Marketing,post,"=HYPERLINK(""https://grounded-world-web-staging.vercel.app/resources/articles/purpose-driven-marketing"",""/resources/articles/purpose-driven-marketing"")","=HYPERLINK(""https://grounded-world-web-staging.vercel.app/resources/articles/purpose-driven-marketing"",""/resources/articles/purpose-driven-marketing"")",No,,No,TOPICAL AUTHORITY POST - Matt says these category URLs were 'playing a role' in SEO rankings. Stripping category may hurt homepage #1 ranking for 'brand purpose agency'. DECISION REQUIRED before redirect.
Blog Post,"=HYPERLINK(""https://grounded.world/brand-purpose-agency/foundations/brand-mission/"",""/brand-purpose-agency/foundations/brand-mission/"")",Brand Mission,post,"=HYPERLINK(""https://grounded-world-web-staging.vercel.app/resources/articles/brand-mission"",""/resources/articles/brand-mission"")","=HYPERLINK(""https://grounded-world-web-staging.vercel.app/resources/articles/brand-mission"",""/resources/articles/brand-mission"")",No,,No,TOPICAL AUTHORITY POST - Matt says these category URLs were 'playing a role' in SEO rankings. Stripping category may hurt homepage #1 ranking for 'brand purpose agency'. DECISION REQUIRED before redirect.
Blog Post,"=HYPERLINK(""https://grounded.world/brand-purpose-agency/foundations/brand-purpose-examples/"",""/brand-purpose-agency/foundations/brand-purpose-examples/"")",Brand Purpose Examples,post,"=HYPERLINK(""https://grounded-world-web-staging.vercel.app/resources/articles/brand-purpose-examples"",""/resources/articles/brand-purpose-examples"")","=HYPERLINK(""https://grounded-world-web-staging.vercel.app/resources/articles/brand-purpose-examples"",""/resources/articles/brand-purpose-examples"")",No,,No,TOPICAL AUTHORITY POST - Matt says these category URLs were 'playing a role' in SEO rankings. Stripping category may hurt homepage #1 ranking for 'brand purpose agency'. DECISION REQUIRED before redirect.
Blog Post,"=HYPERLINK(""https://grounded.world/brand-purpose-agency/foundations/brand-values/"",""/brand-purpose-agency/foundations/brand-values/"")",Brand Values,post,"=HYPERLINK(""https://grounded-world-web-staging.vercel.app/resources/articles/brand-values"",""/resources/articles/brand-values"")","=HYPERLINK(""https://grounded-world-web-staging.vercel.app/resources/articles/brand-values"",""/resources/articles/brand-values"")",No,,No,TOPICAL AUTHORITY POST - Matt says these category URLs were 'playing a role' in SEO rankings. Stripping category may hurt homepage #1 ranking for 'brand purpose agency'. DECISION REQUIRED before redirect.
Blog Post,"=HYPERLINK(""https://grounded.world/brand-purpose-agency/foundations/brand-vision/"",""/brand-purpose-agency/foundations/brand-vision/"")",Brand Vision,post,"=HYPERLINK(""https://grounded-world-web-staging.vercel.app/resources/articles/brand-vision"",""/resources/articles/brand-vision"")","=HYPERLINK(""https://grounded-world-web-staging.vercel.app/resources/articles/brand-vision"",""/resources/articles/brand-vision"")",No,,No,TOPICAL AUTHORITY POST - Matt says these category URLs were 'playing a role' in SEO rankings. Stripping category may hurt homepage #1 ranking for 'brand purpose agency'. DECISION REQUIRED before redirect.
Blog Post,"=HYPERLINK(""https://grounded.world/brand-purpose-agency/foundations/purpose-driven-brands-why-consumer-demand-for-values-is-reshaping-business-strategy/"",""/brand-purpose-agency/foundations/purpose-driven-brands-why-consumer-demand-for-values-is-reshaping-business-strategy/"")",Purpose Driven Brands,post,"=HYPERLINK(""https://grounded-world-web-staging.vercel.app/resources/articles/purpose-driven-brands-why-consumer-demand-for-values-is-reshaping-business-strategy"",""/resources/articles/purpose-driven-brands-why-consumer-demand-for-values-is-reshaping-business-strategy"")","=HYPERLINK(""https://grounded-world-web-staging.vercel.app/resources/articles/purpose-driven-brands-why-consumer-demand-for-values-is-reshaping-business-strategy"",""/resources/articles/purpose-driven-brands-why-consumer-demand-for-values-is-reshaping-business-strategy"")",No,,No,TOPICAL AUTHORITY POST - Matt says these category URLs were 'playing a role' in SEO rankings. Stripping category may hurt homepage #1 ranking for 'brand purpose agency'. DECISION REQUIRED before redirect.
Blog Post,"=HYPERLINK(""https://grounded.world/brand-purpose-agency/foundations/understanding-brand-purpose/"",""/brand-purpose-agency/foundations/understanding-brand-purpose/"")",Understanding Brand Purpose,post,"=HYPERLINK(""https://grounded-world-web-staging.vercel.app/resources/articles/understanding-brand-purpose"",""/resources/articles/understanding-brand-purpose"")","=HYPERLINK(""https://grounded-world-web-staging.vercel.app/resources/articles/understanding-brand-purpose"",""/resources/articles/understanding-brand-purpose"")",No,,No,TOPICAL AUTHORITY POST - Matt says these category URLs were 'playing a role' in SEO rankings. Stripping category may hurt homepage #1 ranking for 'brand purpose agency'. DECISION REQUIRED before redirect.
Blog Post,"=HYPERLINK(""https://grounded.world/brand-purpose-agency/foundations/z-impact-measurement-test/"",""/brand-purpose-agency/foundations/z-impact-measurement-test/"")",z Impact Measurement Test,post,"=HYPERLINK(""https://grounded-world-web-staging.vercel.app/resources/articles/z-impact-measurement-test"",""/resources/articles/z-impact-measurement-test"")","=HYPERLINK(""https://grounded-world-web-staging.vercel.app/resources/articles/z-impact-measurement-test"",""/resources/articles/z-impact-measurement-test"")",No,,No,TOPICAL AUTHORITY POST - Matt says these category URLs were 'playing a role' in SEO rankings. Stripping category may hurt homepage #1 ranking for 'brand purpose agency'. DECISION REQUIRED before redirect.
Blog Post,"=HYPERLINK(""https://grounded.world/brand-purpose-agency/people-and-planet/cultural-relevance/"",""/brand-purpose-agency/people-and-planet/cultural-relevance/"")",Cultural Relevance,post,"=HYPERLINK(""https://grounded-world-web-staging.vercel.app/resources/articles/cultural-relevance"",""/resources/articles/cultural-relevance"")","=HYPERLINK(""https://grounded-world-web-staging.vercel.app/resources/articles/cultural-relevance"",""/resources/articles/cultural-relevance"")",No,,No,TOPICAL AUTHORITY POST - Matt says these category URLs were 'playing a role' in SEO rankings. Stripping category may hurt homepage #1 ranking for 'brand purpose agency'. DECISION REQUIRED before redirect.
Blog Post,"=HYPERLINK(""https://grounded.world/brand-purpose-agency/people-and-planet/employee-satisfaction/"",""/brand-purpose-agency/people-and-planet/employee-satisfaction/"")",Employee Satisfaction,post,"=HYPERLINK(""https://grounded-world-web-staging.vercel.app/resources/articles/employee-satisfaction"",""/resources/articles/employee-satisfaction"")","=HYPERLINK(""https://grounded-world-web-staging.vercel.app/resources/articles/employee-satisfaction"",""/resources/articles/employee-satisfaction"")",No,,No,TOPICAL AUTHORITY POST - Matt says these category URLs were 'playing a role' in SEO rankings. Stripping category may hurt homepage #1 ranking for 'brand purpose agency'. DECISION REQUIRED before redirect.
Blog Post,"=HYPERLINK(""https://grounded.world/brand-purpose-agency/people-and-planet/ethical-practices/"",""/brand-purpose-agency/people-and-planet/ethical-practices/"")",Ethical Practices,post,"=HYPERLINK(""https://grounded-world-web-staging.vercel.app/resources/articles/ethical-practices"",""/resources/articles/ethical-practices"")","=HYPERLINK(""https://grounded-world-web-staging.vercel.app/resources/articles/ethical-practices"",""/resources/articles/ethical-practices"")",No,,No,TOPICAL AUTHORITY POST - Matt says these category URLs were 'playing a role' in SEO rankings. Stripping category may hurt homepage #1 ranking for 'brand purpose agency'. DECISION REQUIRED before redirect.
Blog Post,"=HYPERLINK(""https://grounded.world/brand-purpose-agency/people-and-planet/ethical-sourcing/"",""/brand-purpose-agency/people-and-planet/ethical-sourcing/"")",Ethical Sourcing,post,"=HYPERLINK(""https://grounded-world-web-staging.vercel.app/resources/articles/ethical-sourcing"",""/resources/articles/ethical-sourcing"")","=HYPERLINK(""https://grounded-world-web-staging.vercel.app/resources/articles/ethical-sourcing"",""/resources/articles/ethical-sourcing"")",No,,No,TOPICAL AUTHORITY POST - Matt says these category URLs were 'playing a role' in SEO rankings. Stripping category may hurt homepage #1 ranking for 'brand purpose agency'. DECISION REQUIRED before redirect.
Blog Post,"=HYPERLINK(""https://grounded.world/brand-purpose-agency/people-and-planet/sustainability-initiatives/"",""/brand-purpose-agency/people-and-planet/sustainability-initiatives/"")",Sustainability Initiatives,post,"=HYPERLINK(""https://grounded-world-web-staging.vercel.app/resources/articles/sustainability-initiatives"",""/resources/articles/sustainability-initiatives"")","=HYPERLINK(""https://grounded-world-web-staging.vercel.app/resources/articles/sustainability-initiatives"",""/resources/articles/sustainability-initiatives"")",No,,No,TOPICAL AUTHORITY POST - Matt says these category URLs were 'playing a role' in SEO rankings. Stripping category may hurt homepage #1 ranking for 'brand purpose agency'. DECISION REQUIRED before redirect.
Blog Post,"=HYPERLINK(""https://grounded.world/brand-purpose-agency/purpose-in-action/brand-activation-strategy-transform-purpose-into-profit-through-meaningful-engagement/"",""/brand-purpose-agency/purpose-in-action/brand-activation-strategy-transform-purpose-into-profit-through-meaningful-engagement/"")",Brand Activation Strategy: Transform Purpose into Profit,post,"=HYPERLINK(""https://grounded-world-web-staging.vercel.app/resources/articles/brand-activation-strategy-transform-purpose-into-profit-through-meaningful-engagement"",""/resources/articles/brand-activation-strategy-transform-purpose-into-profit-through-meaningful-engagement"")","=HYPERLINK(""https://grounded-world-web-staging.vercel.app/resources/articles/brand-activation-strategy-transform-purpose-into-profit-through-meaningful-engagement"",""/resources/articles/brand-activation-strategy-transform-purpose-into-profit-through-meaningful-engagement"")",No,,No,TOPICAL AUTHORITY POST - Matt says these category URLs were 'playing a role' in SEO rankings. Stripping category may hurt homepage #1 ranking for 'brand purpose agency'. DECISION REQUIRED before redirect.
Blog Post,"=HYPERLINK(""https://grounded.world/brand-purpose-agency/purpose-in-action/cause-marketing/"",""/brand-purpose-agency/purpose-in-action/cause-marketing/"")",Cause Marketing,post,"=HYPERLINK(""https://grounded-world-web-staging.vercel.app/resources/articles/cause-marketing"",""/resources/articles/cause-marketing"")","=HYPERLINK(""https://grounded-world-web-staging.vercel.app/resources/articles/cause-marketing"",""/resources/articles/cause-marketing"")",No,,No,TOPICAL AUTHORITY POST - Matt says these category URLs were 'playing a role' in SEO rankings. Stripping category may hurt homepage #1 ranking for 'brand purpose agency'. DECISION REQUIRED before redirect.
Blog Post,"=HYPERLINK(""https://grounded.world/brand-purpose-agency/purpose-in-action/csr-strategy-build-corporate-social-responsibility-that-drives-purpose-and-profit/"",""/brand-purpose-agency/purpose-in-action/csr-strategy-build-corporate-social-responsibility-that-drives-purpose-and-profit/"")",CSR Strategy,post,"=HYPERLINK(""https://grounded-world-web-staging.vercel.app/resources/articles/csr-strategy-build-corporate-social-responsibility-that-drives-purpose-and-profit"",""/resources/articles/csr-strategy-build-corporate-social-responsibility-that-drives-purpose-and-profit"")","=HYPERLINK(""https://grounded-world-web-staging.vercel.app/resources/articles/csr-strategy-build-corporate-social-responsibility-that-drives-purpose-and-profit"",""/resources/articles/csr-strategy-build-corporate-social-responsibility-that-drives-purpose-and-profit"")",No,,No,TOPICAL AUTHORITY POST - Matt says these category URLs were 'playing a role' in SEO rankings. Stripping category may hurt homepage #1 ranking for 'brand purpose agency'. DECISION REQUIRED before redirect.
Blog Post,"=HYPERLINK(""https://grounded.world/brand-purpose-agency/purpose-in-action/impact-measurement/"",""/brand-purpose-agency/purpose-in-action/impact-measurement/"")",Impact Measurement,post,"=HYPERLINK(""https://grounded-world-web-staging.vercel.app/resources/articles/impact-measurement"",""/resources/articles/impact-measurement"")","=HYPERLINK(""https://grounded-world-web-staging.vercel.app/resources/articles/impact-measurement"",""/resources/articles/impact-measurement"")",No,,No,TOPICAL AUTHORITY POST - Matt says these category URLs were 'playing a role' in SEO rankings. Stripping category may hurt homepage #1 ranking for 'brand purpose agency'. DECISION REQUIRED before redirect.
Blog Post,"=HYPERLINK(""https://grounded.world/brand-purpose-agency/purpose-in-action/social-impact-campaigns/"",""/brand-purpose-agency/purpose-in-action/social-impact-campaigns/"")",Social Impact Campaigns,post,"=HYPERLINK(""https://grounded-world-web-staging.vercel.app/resources/articles/social-impact-campaigns"",""/resources/articles/social-impact-campaigns"")","=HYPERLINK(""https://grounded-world-web-staging.vercel.app/resources/articles/social-impact-campaigns"",""/resources/articles/social-impact-campaigns"")",No,,No,TOPICAL AUTHORITY POST - Matt says these category URLs were 'playing a role' in SEO rankings. Stripping category may hurt homepage #1 ranking for 'brand purpose agency'. DECISION REQUIRED before redirect.
Blog Post,"=HYPERLINK(""https://grounded.world/brand-purpose-agency/purpose-in-business/brand-identity/"",""/brand-purpose-agency/purpose-in-business/brand-identity/"")",Brand Identity,post,"=HYPERLINK(""https://grounded-world-web-staging.vercel.app/resources/articles/brand-identity"",""/resources/articles/brand-identity"")","=HYPERLINK(""https://grounded-world-web-staging.vercel.app/resources/articles/brand-identity"",""/resources/articles/brand-identity"")",No,,No,TOPICAL AUTHORITY POST - Matt says these category URLs were 'playing a role' in SEO rankings. Stripping category may hurt homepage #1 ranking for 'brand purpose agency'. DECISION REQUIRED before redirect.
Blog Post,"=HYPERLINK(""https://grounded.world/brand-purpose-agency/purpose-in-business/brand-purpose-agency-purpose-in-business-brand-identity/"",""/brand-purpose-agency/purpose-in-business/brand-purpose-agency-purpose-in-business-brand-identity/"")",Brand Purpose Agency - Brand Identity,post,"=HYPERLINK(""https://grounded-world-web-staging.vercel.app/resources/articles/brand-purpose-agency-purpose-in-business-brand-identity"",""/resources/articles/brand-purpose-agency-purpose-in-business-brand-identity"")","=HYPERLINK(""https://grounded-world-web-staging.vercel.app/resources/articles/brand-purpose-agency-purpose-in-business-brand-identity"",""/resources/articles/brand-purpose-agency-purpose-in-business-brand-identity"")",No,,No,TOPICAL AUTHORITY POST - Matt says these category URLs were 'playing a role' in SEO rankings. Stripping category may hurt homepage #1 ranking for 'brand purpose agency'. DECISION REQUIRED before redirect.
Blog Post,"=HYPERLINK(""https://grounded.world/brand-purpose-agency/purpose-in-business/brand-purpose-agency-purpose-in-business-marketing-campaigns/"",""/brand-purpose-agency/purpose-in-business/brand-purpose-agency-purpose-in-business-marketing-campaigns/"")",Brand Purpose Agency - Marketing Campaigns,post,"=HYPERLINK(""https://grounded-world-web-staging.vercel.app/resources/articles/brand-purpose-agency-purpose-in-business-marketing-campaigns"",""/resources/articles/brand-purpose-agency-purpose-in-business-marketing-campaigns"")","=HYPERLINK(""https://grounded-world-web-staging.vercel.app/resources/articles/brand-purpose-agency-purpose-in-business-marketing-campaigns"",""/resources/articles/brand-purpose-agency-purpose-in-business-marketing-campaigns"")",No,,No,TOPICAL AUTHORITY POST - Matt says these category URLs were 'playing a role' in SEO rankings. Stripping category may hurt homepage #1 ranking for 'brand purpose agency'. DECISION REQUIRED before redirect.
Blog Post,"=HYPERLINK(""https://grounded.world/brand-purpose-agency/purpose-in-business/company-culture/"",""/brand-purpose-agency/purpose-in-business/company-culture/"")",Company Culture,post,"=HYPERLINK(""https://grounded-world-web-staging.vercel.app/resources/articles/company-culture"",""/resources/articles/company-culture"")","=HYPERLINK(""https://grounded-world-web-staging.vercel.app/resources/articles/company-culture"",""/resources/articles/company-culture"")",No,,No,TOPICAL AUTHORITY POST - Matt says these category URLs were 'playing a role' in SEO rankings. Stripping category may hurt homepage #1 ranking for 'brand purpose agency'. DECISION REQUIRED before redirect.
Blog Post,"=HYPERLINK(""https://grounded.world/brand-purpose-agency/purpose-in-business/corporate-responsibility/"",""/brand-purpose-agency/purpose-in-business/corporate-responsibility/"")",Corporate Responsibility,post,"=HYPERLINK(""https://grounded-world-web-staging.vercel.app/resources/articles/corporate-responsibility"",""/resources/articles/corporate-responsibility"")","=HYPERLINK(""https://grounded-world-web-staging.vercel.app/resources/articles/corporate-responsibility"",""/resources/articles/corporate-responsibility"")",No,,No,TOPICAL AUTHORITY POST - Matt says these category URLs were 'playing a role' in SEO rankings. Stripping category may hurt homepage #1 ranking for 'brand purpose agency'. DECISION REQUIRED before redirect.
Blog Post,"=HYPERLINK(""https://grounded.world/brand-purpose-agency/purpose-in-business/marketing-campaigns/"",""/brand-purpose-agency/purpose-in-business/marketing-campaigns/"")",Marketing Campaigns,post,"=HYPERLINK(""https://grounded-world-web-staging.vercel.app/resources/articles/marketing-campaigns"",""/resources/articles/marketing-campaigns"")","=HYPERLINK(""https://grounded-world-web-staging.vercel.app/resources/articles/marketing-campaigns"",""/resources/articles/marketing-campaigns"")",No,,No,TOPICAL AUTHORITY POST - Matt says these category URLs were 'playing a role' in SEO rankings. Stripping category may hurt homepage #1 ranking for 'brand purpose agency'. DECISION REQUIRED before redirect.
Blog Post,"=HYPERLINK(""https://grounded.world/brand-purpose-agency/purpose-in-business/mission-values/"",""/brand-purpose-agency/purpose-in-business/mission-values/"")",Mission Values,post,"=HYPERLINK(""https://grounded-world-web-staging.vercel.app/resources/articles/mission-values"",""/resources/articles/mission-values"")","=HYPERLINK(""https://grounded-world-web-staging.vercel.app/resources/articles/mission-values"",""/resources/articles/mission-values"")",No,,No,TOPICAL AUTHORITY POST - Matt says these category URLs were 'playing a role' in SEO rankings. Stripping category may hurt homepage #1 ranking for 'brand purpose agency'. DECISION REQUIRED before redirect.
Blog Post,"=HYPERLINK(""https://grounded.world/brand-purpose-agency/purpose-in-business/purpose-driven-companies/"",""/brand-purpose-agency/purpose-in-business/purpose-driven-companies/"")",Purpose Driven Companies,post,"=HYPERLINK(""https://grounded-world-web-staging.vercel.app/resources/articles/purpose-driven-companies"",""/resources/articles/purpose-driven-companies"")","=HYPERLINK(""https://grounded-world-web-staging.vercel.app/resources/articles/purpose-driven-companies"",""/resources/articles/purpose-driven-companies"")",No,,No,TOPICAL AUTHORITY POST - Matt says these category URLs were 'playing a role' in SEO rankings. Stripping category may hurt homepage #1 ranking for 'brand purpose agency'. DECISION REQUIRED before redirect.
Blog Post,"=HYPERLINK(""https://grounded.world/brand-purpose-agency/sustainability-communication/sustainability-communication/"",""/brand-purpose-agency/sustainability-communication/sustainability-communication/"")",Sustainability Communication,post,"=HYPERLINK(""https://grounded-world-web-staging.vercel.app/resources/articles/sustainability-communication"",""/resources/articles/sustainability-communication"")","=HYPERLINK(""https://grounded-world-web-staging.vercel.app/resources/articles/sustainability-communication"",""/resources/articles/sustainability-communication"")",No,,No,TOPICAL AUTHORITY POST - Matt says these category URLs were 'playing a role' in SEO rankings. Stripping category may hurt homepage #1 ranking for 'brand purpose agency'. DECISION REQUIRED before redirect.
Blog Post,"=HYPERLINK(""https://grounded.world/activism/worst-examples-of-queerbaiting-best-examples-of-pride-month-marketing/"",""/activism/worst-examples-of-queerbaiting-best-examples-of-pride-month-marketing/"")",Pride & Purpose: Queerbaiting and Pride Month Marketing,post,"=HYPERLINK(""https://grounded-world-web-staging.vercel.app/resources/articles/worst-examples-of-queerbaiting-best-examples-of-pride-month-marketing"",""/resources/articles/worst-examples-of-queerbaiting-best-examples-of-pride-month-marketing"")","=HYPERLINK(""https://grounded-world-web-staging.vercel.app/resources/articles/worst-examples-of-queerbaiting-best-examples-of-pride-month-marketing"",""/resources/articles/worst-examples-of-queerbaiting-best-examples-of-pride-month-marketing"")",No,,No,Thought leadership post - Matt confirmed these URLs 'can all be changed'. Safe to redirect to /resources/articles/{slug}
Blog Post,"=HYPERLINK(""https://grounded.world/brand-activism-and-storytelling/the-unlikely-connection-between-poetry-and-advertising/"",""/brand-activism-and-storytelling/the-unlikely-connection-between-poetry-and-advertising/"")",The Power of Brand Poetry in Advertising,post,"=HYPERLINK(""https://grounded-world-web-staging.vercel.app/resources/articles/the-unlikely-connection-between-poetry-and-advertising"",""/resources/articles/the-unlikely-connection-between-poetry-and-advertising"")","=HYPERLINK(""https://grounded-world-web-staging.vercel.app/resources/articles/the-unlikely-connection-between-poetry-and-advertising"",""/resources/articles/the-unlikely-connection-between-poetry-and-advertising"")",No,,No,Thought leadership post - Matt confirmed these URLs 'can all be changed'. Safe to redirect to /resources/articles/{slug}
Blog Post,"=HYPERLINK(""https://grounded.world/featured/articulating_brand_purpose_statements/"",""/featured/articulating_brand_purpose_statements/"")",Articulating Brand Purpose,post,"=HYPERLINK(""https://grounded-world-web-staging.vercel.app/resources/articles/articulating_brand_purpose_statements"",""/resources/articles/articulating_brand_purpose_statements"")","=HYPERLINK(""https://grounded-world-web-staging.vercel.app/resources/articles/articulating_brand_purpose_statements"",""/resources/articles/articulating_brand_purpose_statements"")",No,,No,Thought leadership post - Matt confirmed these URLs 'can all be changed'. Safe to redirect to /resources/articles/{slug}
Blog Post,"=HYPERLINK(""https://grounded.world/featured/b-corp-month-2023/"",""/featured/b-corp-month-2023/"")",B Corp Month,post,"=HYPERLINK(""https://grounded-world-web-staging.vercel.app/resources/articles/b-corp-month-2023"",""/resources/articles/b-corp-month-2023"")","=HYPERLINK(""https://grounded-world-web-staging.vercel.app/resources/articles/b-corp-month-2023"",""/resources/articles/b-corp-month-2023"")",No,,No,Thought leadership post - Matt confirmed these URLs 'can all be changed'. Safe to redirect to /resources/articles/{slug}
Blog Post,"=HYPERLINK(""https://grounded.world/featured/earth-day-campaigns/"",""/featured/earth-day-campaigns/"")",Earth Day Campaigns,post,"=HYPERLINK(""https://grounded-world-web-staging.vercel.app/resources/articles/earth-day-campaigns"",""/resources/articles/earth-day-campaigns"")","=HYPERLINK(""https://grounded-world-web-staging.vercel.app/resources/articles/earth-day-campaigns"",""/resources/articles/earth-day-campaigns"")",No,,No,Thought leadership post - Matt confirmed these URLs 'can all be changed'. Safe to redirect to /resources/articles/{slug}
Blog Post,"=HYPERLINK(""https://grounded.world/featured/green-friday-the-sustainable-black-friday/"",""/featured/green-friday-the-sustainable-black-friday/"")",What is Green Friday?,post,"=HYPERLINK(""https://grounded-world-web-staging.vercel.app/resources/articles/green-friday-the-sustainable-black-friday"",""/resources/articles/green-friday-the-sustainable-black-friday"")","=HYPERLINK(""https://grounded-world-web-staging.vercel.app/resources/articles/green-friday-the-sustainable-black-friday"",""/resources/articles/green-friday-the-sustainable-black-friday"")",No,,No,Thought leadership post - Matt confirmed these URLs 'can all be changed'. Safe to redirect to /resources/articles/{slug}
Blog Post,"=HYPERLINK(""https://grounded.world/featured/purpose-driven-leadership-with-matthew-mccarthy/"",""/featured/purpose-driven-leadership-with-matthew-mccarthy/"")",Purpose-Driven Leadership with Matthew McCarthy,post,"=HYPERLINK(""https://grounded-world-web-staging.vercel.app/resources/articles/purpose-driven-leadership-with-matthew-mccarthy"",""/resources/articles/purpose-driven-leadership-with-matthew-mccarthy"")","=HYPERLINK(""https://grounded-world-web-staging.vercel.app/resources/articles/purpose-driven-leadership-with-matthew-mccarthy"",""/resources/articles/purpose-driven-leadership-with-matthew-mccarthy"")",No,,No,Thought leadership post - Matt confirmed these URLs 'can all be changed'. Safe to redirect to /resources/articles/{slug}
Blog Post,"=HYPERLINK(""https://grounded.world/featured/sustainable-fashion-4-ways-fashion-brands-can-be-more-sustainable/"",""/featured/sustainable-fashion-4-ways-fashion-brands-can-be-more-sustainable/"")",4 Ways Fashion Brands Can Be More Sustainable,post,"=HYPERLINK(""https://grounded-world-web-staging.vercel.app/resources/articles/sustainable-fashion-4-ways-fashion-brands-can-be-more-sustainable"",""/resources/articles/sustainable-fashion-4-ways-fashion-brands-can-be-more-sustainable"")","=HYPERLINK(""https://grounded-world-web-staging.vercel.app/resources/articles/sustainable-fashion-4-ways-fashion-brands-can-be-more-sustainable"",""/resources/articles/sustainable-fashion-4-ways-fashion-brands-can-be-more-sustainable"")",No,,No,Thought leadership post - Matt confirmed these URLs 'can all be changed'. Safe to redirect to /resources/articles/{slug}
Blog Post,"=HYPERLINK(""https://grounded.world/featured/value-brand-authenticity/"",""/featured/value-brand-authenticity/"")",The Value of Brand Authenticity,post,"=HYPERLINK(""https://grounded-world-web-staging.vercel.app/resources/articles/value-brand-authenticity"",""/resources/articles/value-brand-authenticity"")","=HYPERLINK(""https://grounded-world-web-staging.vercel.app/resources/articles/value-brand-authenticity"",""/resources/articles/value-brand-authenticity"")",No,,No,Thought leadership post - Matt confirmed these URLs 'can all be changed'. Safe to redirect to /resources/articles/{slug}
Blog Post,"=HYPERLINK(""https://grounded.world/featured/what-social-justice-means/"",""/featured/what-social-justice-means/"")",What Social Justice Means,post,"=HYPERLINK(""https://grounded-world-web-staging.vercel.app/resources/articles/what-social-justice-means"",""/resources/articles/what-social-justice-means"")","=HYPERLINK(""https://grounded-world-web-staging.vercel.app/resources/articles/what-social-justice-means"",""/resources/articles/what-social-justice-means"")",No,,No,Thought leadership post - Matt confirmed these URLs 'can all be changed'. Safe to redirect to /resources/articles/{slug}
Blog Post,"=HYPERLINK(""https://grounded.world/social-impact/ep-1-journalism-shouldnt-be-this-hard/"",""/social-impact/ep-1-journalism-shouldnt-be-this-hard/"")",Ep.1 of 'It Shouldn't Be This Hard' Out Now!,post,"=HYPERLINK(""https://grounded-world-web-staging.vercel.app/resources/articles/ep-1-journalism-shouldnt-be-this-hard"",""/resources/articles/ep-1-journalism-shouldnt-be-this-hard"")","=HYPERLINK(""https://grounded-world-web-staging.vercel.app/resources/articles/ep-1-journalism-shouldnt-be-this-hard"",""/resources/articles/ep-1-journalism-shouldnt-be-this-hard"")",No,,No,Thought leadership post - Matt confirmed these URLs 'can all be changed'. Safe to redirect to /resources/articles/{slug}
Blog Post,"=HYPERLINK(""https://grounded.world/social-impact/exploring-mental-health-and-culture/"",""/social-impact/exploring-mental-health-and-culture/"")",Exploring Mental Health and Culture,post,"=HYPERLINK(""https://grounded-world-web-staging.vercel.app/resources/articles/exploring-mental-health-and-culture"",""/resources/articles/exploring-mental-health-and-culture"")","=HYPERLINK(""https://grounded-world-web-staging.vercel.app/resources/articles/exploring-mental-health-and-culture"",""/resources/articles/exploring-mental-health-and-culture"")",No,,No,Thought leadership post - Matt confirmed these URLs 'can all be changed'. Safe to redirect to /resources/articles/{slug}
Blog Post,"=HYPERLINK(""https://grounded.world/sustainability-marketing/back-to-school-supplies-where-retail-meets-responsibility/"",""/sustainability-marketing/back-to-school-supplies-where-retail-meets-responsibility/"")",Back to School Supplies: Where Retail Meets Responsibility,post,"=HYPERLINK(""https://grounded-world-web-staging.vercel.app/resources/articles/back-to-school-supplies-where-retail-meets-responsibility"",""/resources/articles/back-to-school-supplies-where-retail-meets-responsibility"")","=HYPERLINK(""https://grounded-world-web-staging.vercel.app/resources/articles/back-to-school-supplies-where-retail-meets-responsibility"",""/resources/articles/back-to-school-supplies-where-retail-meets-responsibility"")",No,,No,Thought leadership post - Matt confirmed these URLs 'can all be changed'. Safe to redirect to /resources/articles/{slug}
Blog Post,"=HYPERLINK(""https://grounded.world/sustainability-marketing/convenience-without-conscience-the-sustainability-gap-in-grocery-delivery/"",""/sustainability-marketing/convenience-without-conscience-the-sustainability-gap-in-grocery-delivery/"")",Convenience Without Conscience,post,"=HYPERLINK(""https://grounded-world-web-staging.vercel.app/resources/articles/convenience-without-conscience-the-sustainability-gap-in-grocery-delivery"",""/resources/articles/convenience-without-conscience-the-sustainability-gap-in-grocery-delivery"")","=HYPERLINK(""https://grounded-world-web-staging.vercel.app/resources/articles/convenience-without-conscience-the-sustainability-gap-in-grocery-delivery"",""/resources/articles/convenience-without-conscience-the-sustainability-gap-in-grocery-delivery"")",No,,No,Thought leadership post - Matt confirmed these URLs 'can all be changed'. Safe to redirect to /resources/articles/{slug}
Blog Post,"=HYPERLINK(""https://grounded.world/sustainability-marketing/fighting-food-waste-shouldnt-be-this-hard/"",""/sustainability-marketing/fighting-food-waste-shouldnt-be-this-hard/"")",Fighting Food Waste Shouldn't Be This Hard,post,"=HYPERLINK(""https://grounded-world-web-staging.vercel.app/resources/articles/fighting-food-waste-shouldnt-be-this-hard"",""/resources/articles/fighting-food-waste-shouldnt-be-this-hard"")","=HYPERLINK(""https://grounded-world-web-staging.vercel.app/resources/articles/fighting-food-waste-shouldnt-be-this-hard"",""/resources/articles/fighting-food-waste-shouldnt-be-this-hard"")",No,,No,Thought leadership post - Matt confirmed these URLs 'can all be changed'. Safe to redirect to /resources/articles/{slug}
Blog Post,"=HYPERLINK(""https://grounded.world/sustainability-marketing/get-grounded-in-the-plastic-reality-project-with-paloma-jacome/"",""/sustainability-marketing/get-grounded-in-the-plastic-reality-project-with-paloma-jacome/"")",Plastic Reality Project with Paloma Jacome,post,"=HYPERLINK(""https://grounded-world-web-staging.vercel.app/resources/articles/get-grounded-in-the-plastic-reality-project-with-paloma-jacome"",""/resources/articles/get-grounded-in-the-plastic-reality-project-with-paloma-jacome"")","=HYPERLINK(""https://grounded-world-web-staging.vercel.app/resources/articles/get-grounded-in-the-plastic-reality-project-with-paloma-jacome"",""/resources/articles/get-grounded-in-the-plastic-reality-project-with-paloma-jacome"")",No,,No,Thought leadership post - Matt confirmed these URLs 'can all be changed'. Safe to redirect to /resources/articles/{slug}
Blog Post,"=HYPERLINK(""https://grounded.world/sustainability-marketing/learn-about-composting-a-radical-act-of-mental-health-through-circularity/"",""/sustainability-marketing/learn-about-composting-a-radical-act-of-mental-health-through-circularity/"")",Learn About Composting,post,"=HYPERLINK(""https://grounded-world-web-staging.vercel.app/resources/articles/learn-about-composting-a-radical-act-of-mental-health-through-circularity"",""/resources/articles/learn-about-composting-a-radical-act-of-mental-health-through-circularity"")","=HYPERLINK(""https://grounded-world-web-staging.vercel.app/resources/articles/learn-about-composting-a-radical-act-of-mental-health-through-circularity"",""/resources/articles/learn-about-composting-a-radical-act-of-mental-health-through-circularity"")",No,,No,Thought leadership post - Matt confirmed these URLs 'can all be changed'. Safe to redirect to /resources/articles/{slug}
Blog Post,"=HYPERLINK(""https://grounded.world/sustainability-marketing/stopping-plastic-pollution-shouldnt-be-this-hard-david-katz/"",""/sustainability-marketing/stopping-plastic-pollution-shouldnt-be-this-hard-david-katz/"")",Stopping Plastic Pollution Shouldn't Be This Hard,post,"=HYPERLINK(""https://grounded-world-web-staging.vercel.app/resources/articles/stopping-plastic-pollution-shouldnt-be-this-hard-david-katz"",""/resources/articles/stopping-plastic-pollution-shouldnt-be-this-hard-david-katz"")","=HYPERLINK(""https://grounded-world-web-staging.vercel.app/resources/articles/stopping-plastic-pollution-shouldnt-be-this-hard-david-katz"",""/resources/articles/stopping-plastic-pollution-shouldnt-be-this-hard-david-katz"")",No,,No,Thought leadership post - Matt confirmed these URLs 'can all be changed'. Safe to redirect to /resources/articles/{slug}
Blog Post,"=HYPERLINK(""https://grounded.world/sustainability-marketing/sustainability-buzzwords/"",""/sustainability-marketing/sustainability-buzzwords/"")",Sustainability Buzzwords,post,"=HYPERLINK(""https://grounded-world-web-staging.vercel.app/resources/articles/sustainability-buzzwords"",""/resources/articles/sustainability-buzzwords"")","=HYPERLINK(""https://grounded-world-web-staging.vercel.app/resources/articles/sustainability-buzzwords"",""/resources/articles/sustainability-buzzwords"")",No,,No,Thought leadership post - Matt confirmed these URLs 'can all be changed'. Safe to redirect to /resources/articles/{slug}
Blog Post,"=HYPERLINK(""https://grounded.world/sustainability/top-5-brands-helping-keep-our-oceans-clean-plastic-free/"",""/sustainability/top-5-brands-helping-keep-our-oceans-clean-plastic-free/"")",Top 5 Brands Helping Keep Our Oceans Clean,post,"=HYPERLINK(""https://grounded-world-web-staging.vercel.app/resources/articles/top-5-brands-helping-keep-our-oceans-clean-plastic-free"",""/resources/articles/top-5-brands-helping-keep-our-oceans-clean-plastic-free"")","=HYPERLINK(""https://grounded-world-web-staging.vercel.app/resources/articles/top-5-brands-helping-keep-our-oceans-clean-plastic-free"",""/resources/articles/top-5-brands-helping-keep-our-oceans-clean-plastic-free"")",No,,No,Thought leadership post - Matt confirmed these URLs 'can all be changed'. Safe to redirect to /resources/articles/{slug}
Blog Post,"=HYPERLINK(""https://grounded.world/template/brand-storytelling-how-purpose-driven-narratives-build-commercial-value/"",""/template/brand-storytelling-how-purpose-driven-narratives-build-commercial-value/"")",Brand Storytelling: Purpose-Driven Narratives,post,"=HYPERLINK(""https://grounded-world-web-staging.vercel.app/resources/articles/brand-storytelling-how-purpose-driven-narratives-build-commercial-value"",""/resources/articles/brand-storytelling-how-purpose-driven-narratives-build-commercial-value"")","=HYPERLINK(""https://grounded-world-web-staging.vercel.app/resources/articles/brand-storytelling-how-purpose-driven-narratives-build-commercial-value"",""/resources/articles/brand-storytelling-how-purpose-driven-narratives-build-commercial-value"")",No,,No,Thought leadership post - Matt confirmed these URLs 'can all be changed'. Safe to redirect to /resources/articles/{slug}
Category Landing,"=HYPERLINK(""https://grounded.world/activating-brand-purpose-and-sustainability/"",""/activating-brand-purpose-and-sustainability/"")",Category: Activating Brand Purpose,category,"=HYPERLINK(""https://grounded-world-web-staging.vercel.app/resources/articles"",""/resources/articles"")",n/a,No,,No,WP category index - needs redirect
Category Landing,"=HYPERLINK(""https://grounded.world/brand-activation/"",""/brand-activation/"")",Category: Brand Activation,category,"=HYPERLINK(""https://grounded-world-web-staging.vercel.app/resources/articles"",""/resources/articles"")",n/a,No,,No,WP category index - needs redirect
Category Landing,"=HYPERLINK(""https://grounded.world/brand-purpose-agency/"",""/brand-purpose-agency/"")",Category: Brand Purpose Agency,category,"=HYPERLINK(""https://grounded-world-web-staging.vercel.app/resources/articles"",""/resources/articles"")",n/a,No,,No,WP category index - needs redirect
Category Landing,"=HYPERLINK(""https://grounded.world/activism/"",""/activism/"")",Category: Activism,category,"=HYPERLINK(""https://grounded-world-web-staging.vercel.app/resources/articles"",""/resources/articles"")",n/a,No,,No,WP category index - needs redirect
Category Landing,"=HYPERLINK(""https://grounded.world/brand-activism-and-storytelling/"",""/brand-activism-and-storytelling/"")",Category: Brand Activism and Storytelling,category,"=HYPERLINK(""https://grounded-world-web-staging.vercel.app/resources/articles"",""/resources/articles"")",n/a,No,,No,WP category index - needs redirect
Category Landing,"=HYPERLINK(""https://grounded.world/featured/"",""/featured/"")",Category: Featured,category,"=HYPERLINK(""https://grounded-world-web-staging.vercel.app/resources/articles"",""/resources/articles"")",n/a,No,,No,WP category index - needs redirect
Category Landing,"=HYPERLINK(""https://grounded.world/social-impact/"",""/social-impact/"")",Category: Social Impact,category,"=HYPERLINK(""https://grounded-world-web-staging.vercel.app/resources/articles"",""/resources/articles"")",n/a,No,,No,WP category index - needs redirect
Category Landing,"=HYPERLINK(""https://grounded.world/sustainability-marketing/"",""/sustainability-marketing/"")",Category: Sustainability Marketing,category,"=HYPERLINK(""https://grounded-world-web-staging.vercel.app/resources/articles"",""/resources/articles"")",n/a,No,,No,WP category index - needs redirect
Category Landing,"=HYPERLINK(""https://grounded.world/sustainability/"",""/sustainability/"")",Category: Sustainability,category,"=HYPERLINK(""https://grounded-world-web-staging.vercel.app/resources/articles"",""/resources/articles"")",n/a,No,,No,WP category index - needs redirect
Category Landing,"=HYPERLINK(""https://grounded.world/template/"",""/template/"")",Category: Template,category,"=HYPERLINK(""https://grounded-world-web-staging.vercel.app/resources/articles"",""/resources/articles"")",n/a,No,,No,WP category index - needs redirect
Open Question,/itshouldntbethishard/,PODCAST,page,,"=HYPERLINK(""https://grounded-world-web-staging.vercel.app/itshouldntbethishard"",""/itshouldntbethishard"")",n/a (same path),Strategy undecided,Yes - Phil may be stopping podcast per Matt (March 3),Matt said Phil is planning on stopping the podcast. Action item from March 20: confirm podcast strategy w/ Phil & Heidi. Page also accessible at /resources/podcast.
Open Question,"=HYPERLINK(""https://grounded-world-web-staging.vercel.app/project"",""/project/"")",Projects vs Our Work,page,/our-work/,Both /project/ and /our-work/ exist,No,,Yes - duplicate URL paths,Alec noticed /project/{slug} and /our-work/{slug} both exist. May need redirect from /project/ to /our-work/.
